,HRP-CVaR,MVO-MaxSharpe
2018-12-20,0.9992231039063614,0.99889697771895
2018-12-21,0.9948115472001007,1.0000000000000002
2018-12-24,0.9916085664425063,1.0000000000000002
2018-12-25,0.9806984453685986,0.9988969777189501
2018-12-26,0.978310896936289,0.9988969777189501
2018-12-27,0.9920917034036915,1.0039708802117806
2018-12-28,0.9895214508304278,0.9342598720494157
2018-12-31,0.9894373402859238,0.9342598720494157
2019-01-01,0.9894373402859238,0.9342598720494157
2019-01-02,0.9814107145324402,0.9843370836090892
2019-01-03,0.9675033551006224,0.9832340613280393
2019-01-04,0.9691344953809939,0.9863225237149795
2019-01-07,0.9759808110642167,0.9900727994705499
2019-01-08,0.9736181050786016,0.9900727994705499
2019-01-09,0.9860893856198913,0.9951467019633803
2019-01-10,0.9864663905656124,0.9940436796823303
2019-01-11,0.9902868818973697,0.9940436796823303
2019-01-14,0.9902978494679539,0.9940436796823303
2019-01-15,0.9964572524251042,0.9951467019633804
2019-01-16,0.9963513114114972,1.0000000000000009
2019-01-17,0.9903027022075839,1.0000000000000009
2019-01-18,0.9907552220785725,1.0019854401058912
2019-01-21,1.002452092488134,1.0039708802117813
2019-01-22,0.9966102587871708,1.0039708802117813
2019-01-23,0.9992448449240751,1.0059563203176716
2019-01-24,1.0003056684659606,1.0077211559673516
2019-01-25,0.9987166647908261,1.0088241782484015
2019-01-28,1.001698183613259,1.0165453342157522
2019-01-29,1.0063042616113846,1.0185307743216423
2019-01-30,1.0081911142531785,1.0185307743216423
2019-01-31,1.0044459817805853,1.0185307743216423
2019-02-01,1.0050752593063133,0.9686741672181787
2019-02-04,1.0050752592901542,0.9686741672181787
2019-02-05,1.0050752592895313,0.9686741672181787
2019-02-06,1.0050752592602372,0.9686741672181787
2019-02-07,1.005075259259613,0.9686741672181787
2019-02-08,1.00507525928642,0.9686741672181787
2019-02-11,1.0217412338381415,1.0196337966026923
2019-02-12,1.0301077256186784,1.069490403706156
2019-02-13,1.0372277318410739,1.0686079858813158
2019-02-14,1.0382420314487437,1.1067725568056486
2019-02-15,1.0368963052342566,1.097948378557248
2019-02-18,1.0463056025750714,1.1147143172292089
2019-02-19,1.0463653164423992,1.1372159717626305
2019-02-20,1.051934474780032,1.142069269799251
2019-02-21,1.0634353158136323,1.1608206485771022
2019-02-22,1.0671327696945812,1.1469225678358712
2019-02-25,1.0723259052134375,1.1400838296933609
2019-02-26,1.0640897215808407,1.1323626737260102
2019-02-27,1.0640352071474564,1.1508934480476516
2019-02-28,1.042007556787714,1.117582175159939
2019-03-01,1.0538684153296016,1.12839179351423
2019-03-04,1.066650193944091,1.1508934480476516
2019-03-05,1.0665340597850643,1.1500110302228117
2019-03-06,1.069108967562137,1.1537613059783818
2019-03-07,1.0678660758477223,1.1685418045444529
2019-03-08,1.0605796741949458,1.1577321861901622
2019-03-11,1.0583677611190043,1.1597176262960522
2019-03-12,1.075914736305296,1.1625854842267824
2019-03-13,1.0823072341009325,1.1519964703287018
2019-03-14,1.0820928372182073,1.1645709243326725
2019-03-15,1.0817999927487993,1.1636885065078326
2019-03-18,1.084571923148731,1.1890580189719842
2019-03-19,1.0763463858090372,1.1861901610412542
2019-03-20,1.0767103131420286,1.1784690050739035
2019-03-21,1.062717944838096,1.1469225678358712
2019-03-22,1.069411255083577,1.1625854842267824
2019-03-25,1.0485434940867011,1.12927421133907
2019-03-26,1.0505312602885257,1.1147143172292089
2019-03-27,1.05898460108039,1.116699757335099
2019-03-28,1.0594532167370574,1.1361129494815805
2019-03-29,1.0575774351788256,1.1361129494815805
2019-04-01,1.0658038746061809,1.142069269799251
2019-04-02,1.06305365949671,1.1400838296933606
2019-04-03,1.061264163513664,1.1264063534083397
2019-04-04,1.0665733139322355,1.1283917935142298
2019-04-05,1.0667458618260224,1.1283917935142298
2019-04-08,1.0720576091729266,1.13236267372601
2019-04-09,1.0637055723142685,1.1078755790866983
2019-04-10,1.0570255158028299,1.0959629384513574
2019-04-11,1.0568097042529925,1.1272887712331798
2019-04-12,1.0541850921543519,1.1096404147363783
2019-04-15,1.0527171607238968,1.1096404147363783
2019-04-16,1.0490140955720508,1.1087579969115384
2019-04-17,1.0453013411969865,1.1120771108444314
2019-04-18,1.0351029798340363,1.0460209528073132
2019-04-19,1.0379262020197408,1.0858390697269713
2019-04-22,1.0346588828865468,1.0960401402283946
2019-04-23,1.0361666098953288,1.085206560775294
2019-04-24,1.04601632084354,1.084322894512459
2019-04-25,1.043080114107587,1.0792343068419785
2019-04-26,1.049357349074217,1.0802421147717192
2019-04-29,1.0484006522214482,1.0802421147717192
2019-04-30,1.0494291747468314,1.0802421147717192
2019-05-01,1.0493723431854791,1.0802421147717192
2019-05-02,1.0472468430188837,1.0977841555621075
2019-05-03,1.044759347238032,1.0975482473373197
2019-05-06,1.0262675567602808,1.0837230285032338
2019-05-07,1.0270864387095175,1.0873882864209041
2019-05-08,1.0218808036716822,1.0891706156846297
2019-05-09,1.0173890987953897,1.1055600728363584
2019-05-10,1.0236453597759263,1.1139877024565321
2019-05-13,1.0316293764762496,1.1143829709349649
2019-05-14,1.0391088825993309,1.136001636451404
2019-05-15,1.0501503518606174,1.1362461517869906
2019-05-16,1.0467026017921415,1.1390897088474714
2019-05-17,1.047613603751332,1.1410920418596564
2019-05-20,1.0550400284985706,1.1555786705152027
2019-05-21,1.0571623057558834,1.1545823566790994
2019-05-22,1.0540604713150612,1.1484797212183087
2019-05-23,1.0534467590748995,1.1514150536253618
2019-05-24,1.0430817584775405,1.13314687834692
2019-05-27,1.0457178081001872,1.1445282296317807
2019-05-28,1.0442178294741387,1.1410882501789281
2019-05-29,1.0421090152238028,1.1454187168803696
2019-05-30,1.0441217194424073,1.1478741401877386
2019-05-31,1.034449153135634,1.1413419902914956
2019-06-03,1.02174827798465,1.1332186383763627
2019-06-04,1.0263922496912632,1.142273971659312
2019-06-05,1.02787557070294,1.1400051946136767
2019-06-06,1.026860513797146,1.1305465215847608
2019-06-07,1.039044376142155,1.1301398378683265
2019-06-10,1.0388059081207845,1.1456620140519909
2019-06-11,1.0414818596477937,1.151541579579581
2019-06-12,1.0377992088972614,1.143909466583309
2019-06-13,1.0350689826330939,1.1462014038449135
2019-06-14,1.0355527671865716,1.136986402819656
2019-06-17,1.029419923819174,1.1281263914516306
2019-06-18,1.0252359837436338,1.1358653052927148
2019-06-19,1.029749907125139,1.1426763977952854
2019-06-20,1.0428616822480445,1.1550248578998135
2019-06-21,1.0421231625228693,1.1544744390516726
2019-06-24,1.0392795005314714,1.1515449132606355
2019-06-25,1.0378878076333384,1.1584968116047372
2019-06-26,1.0361052239648334,1.1581770593442007
2019-06-27,1.0235638489450298,1.1385453065177218
2019-06-28,1.0289113780142887,1.1431134305969681
2019-07-01,1.041048870319095,1.1466700407776977
2019-07-02,1.0390076914661783,1.14623536438079
2019-07-03,1.0394162116996797,1.1468546016212193
2019-07-04,1.0486666805808174,1.1550987862560025
2019-07-05,1.0504753927662205,1.164025799480994
2019-07-08,1.042036724327004,1.1561326966926395
2019-07-09,1.044694363040768,1.1578958310729548
2019-07-10,1.0487359837583041,1.172719998477017
2019-07-11,1.0533049188960495,1.1756104078441296
2019-07-12,1.0512177189213872,1.175740769158842
2019-07-15,1.052513127408071,1.1723616829361254
2019-07-16,1.0595704614798518,1.1847934376798717
2019-07-17,1.0635866796632831,1.1873446704029322
2019-07-18,1.0590370004342684,1.1868166202246628
2019-07-19,1.0636703009552222,1.188032070466516
2019-07-22,1.0619574161000889,1.1880098874119265
2019-07-23,1.0667475395481623,1.1926613727515225
2019-07-24,1.0652615959506477,1.1923393214611782
2019-07-25,1.0687390376678656,1.2008544700857786
2019-07-26,1.066688308471203,1.195037548622708
2019-07-29,1.0635895601097636,1.201276290578227
2019-07-30,1.0528514194450793,1.2035378920269963
2019-07-31,1.0575892290278455,1.2023979926882773
2019-08-01,1.0594104602704948,1.2069389986998396
2019-08-02,1.0570638040421105,1.214944448634509
2019-08-05,1.0473792617724422,1.2220502969309335
2019-08-06,1.039323687709538,1.2275649847501406
2019-08-07,1.0395364417096693,1.2394961361811259
2019-08-08,1.048867815545127,1.2386125208733028
2019-08-09,1.050861296474241,1.23086579140106
2019-08-12,1.0526471443337295,1.2269706486180931
2019-08-13,1.0475804768013703,1.2115985866872794
2019-08-14,1.049558904817575,1.2159152922099132
2019-08-15,1.0588015430381468,1.2331749683642084
2019-08-16,1.0616041962913925,1.225457777205022
2019-08-19,1.0613693711286947,1.2196949675329254
2019-08-20,1.0639020566538089,1.2413115192822075
2019-08-21,1.070254525306725,1.2393983193933562
2019-08-22,1.068304688985415,1.2311009929997432
2019-08-23,1.068876589625496,1.2417642867707048
2019-08-26,1.0619238330265073,1.2271177291049085
2019-08-27,1.0593674652673786,1.2427344025347702
2019-08-28,1.057059517352815,1.2416333393589454
2019-08-29,1.0591079206557872,1.2433057857986842
2019-08-30,1.0623499281649416,1.2366360329975397
2019-09-02,1.0623499281649416,1.2366360329975397
2019-09-03,1.0567354665358506,1.2296688736105037
2019-09-04,1.0535606106529296,1.2238119746868914
2019-09-05,1.0519506530419176,1.2104825825244212
2019-09-06,1.050478566738083,1.2046891662176638
2019-09-09,1.0476683426310804,1.1859199450932345
2019-09-10,1.0411201076182781,1.1862580446016275
2019-09-11,1.043694570358646,1.1823803981994636
2019-09-12,1.0549691429735368,1.1990867204319544
2019-09-13,1.0657369791332036,1.199919170638138
2019-09-16,1.0676635041410216,1.2067237982979135
2019-09-17,1.069317933582326,1.210718492170993
2019-09-18,1.0693743854844333,1.205173295565611
2019-09-19,1.0760383805860452,1.2073853584208407
2019-09-20,1.0731131420147322,1.2104398569200996
2019-09-23,1.0699629096963614,1.2065157497442407
2019-09-24,1.0695970573382743,1.210336088598646
2019-09-25,1.0693667059918839,1.2051331264425276
2019-09-26,1.0771344375556526,1.206437339097549
2019-09-27,1.0814459423818192,1.2090074928129924
2019-09-30,1.0780030502970728,1.1855141472996729
2019-10-01,1.0859988616467577,1.2023505114787723
2019-10-02,1.0784581747564543,1.1898091797223287
2019-10-03,1.079641369581008,1.1922396041132406
2019-10-04,1.0713684180535026,1.196622749544801
2019-10-07,1.062096449776081,1.1794093801597394
2019-10-08,1.0711367018701394,1.1883613866285496
2019-10-09,1.072194963664366,1.1886265756390948
2019-10-10,1.071603167052289,1.1873044195591014
2019-10-11,1.074323042714493,1.1881266183354589
2019-10-14,1.0799092640309973,1.1922198593998585
2019-10-15,1.079666691290957,1.1909063451118784
2019-10-16,1.079898485492651,1.194664040138116
2019-10-17,1.0764714853093997,1.1872301260301343
2019-10-18,1.0745860003860617,1.188850004751054
2019-10-21,1.0688927159100623,1.183294193081177
2019-10-22,1.0685644785893615,1.1843821512196033
2019-10-23,1.0715473503019852,1.1882669993756705
2019-10-24,1.0800519151761636,1.211018747142506
2019-10-25,1.08088959690628,1.2125101901938997
2019-10-28,1.079114168172123,1.2072972295368192
2019-10-29,1.0782435466078422,1.2045058432579991
2019-10-30,1.0805113917019284,1.2093192895828004
2019-10-31,1.0802685331788926,1.212417585101396
2019-11-01,1.0915667566417064,1.219951003980801
2019-11-04,1.0979930667140665,1.2376104374373773
2019-11-05,1.097305652228996,1.2260414809195033
2019-11-06,1.0968537362783009,1.2271205732287676
2019-11-07,1.0971036959469775,1.2205934911116434
2019-11-08,1.0964367067329026,1.2212655251512567
2019-11-11,1.0899140177387143,1.217741017548721
2019-11-12,1.090877398600608,1.2238713034285538
2019-11-13,1.0875867371172747,1.2146500813804393
2019-11-14,1.0818765605601746,1.204488715490293
2019-11-15,1.0811233956215205,1.1999841937375737
2019-11-18,1.0757719891552524,1.17930142427044
2019-11-19,1.080532454937548,1.203364655934347
2019-11-20,1.0737863976542985,1.1874643913065548
2019-11-21,1.0618411708227646,1.1702445519744071
2019-11-22,1.0515858299835121,1.1592963976829436
2019-11-25,1.0513539469195066,1.1573069200454111
2019-11-26,1.053161613040203,1.1620059591619707
2019-11-27,1.0492738633662635,1.1677876428459153
2019-11-28,1.0372848555197656,1.1537986258432467
2019-11-29,1.0369702698236558,1.154610946918886
2019-12-02,1.0228251863603028,1.1315308654391127
2019-12-03,1.015433365620182,1.1269125367927426
2019-12-04,1.0326260167566366,1.1499455142308201
2019-12-05,1.028889587356712,1.1462384992373507
2019-12-06,1.0287232562822384,1.1455463074184997
2019-12-09,1.0288233129579054,1.1494482946885238
2019-12-10,1.0228000017815182,1.1529913784195815
2019-12-11,1.0258710933944022,1.1640772535636155
2019-12-12,1.0305678522618171,1.1775019541287746
2019-12-13,1.0296925346631474,1.1844031070626875
2019-12-16,1.0307138367019637,1.166354011983914
2019-12-17,1.0213117834857293,1.1528611135854476
2019-12-18,1.0158746219628445,1.1609007858323415
2019-12-19,1.0155750627157913,1.171262189530016
2019-12-20,1.0217011651476269,1.17890145743149
2019-12-23,1.0211308968050283,1.188747653150306
2019-12-24,1.0208402445193707,1.185983822351111
2019-12-25,1.0241249035389006,1.1953389596507409
2019-12-26,1.0220444512475029,1.1925282623685498
2019-12-27,1.0260848634171151,1.2001906312962816
2019-12-30,1.0276473501795194,1.2151984543557237
2019-12-31,1.0251881672337462,1.210079066952919
2020-01-01,1.0251881672337462,1.210079066952919
2020-01-02,1.0377271568586044,1.217965200566665
2020-01-03,1.0348210347656157,1.2076173593387671
2020-01-06,1.0244871913996467,1.1895695254055478
2020-01-07,1.027088432388466,1.1996788021251767
2020-01-08,1.0140499017005895,1.1852489489396363
2020-01-09,1.02620536377932,1.2023071766292994
2020-01-10,1.0403105116919387,1.2093733431973421
2020-01-13,1.0372011573320443,1.200281720716214
2020-01-14,1.040420040279239,1.2035362771355305
2020-01-15,1.0408055153647842,1.2059830890822345
2020-01-16,1.0531197836319566,1.220302962716986
2020-01-17,1.0536090934026687,1.2385323008877376
2020-01-20,1.0554297634437386,1.2350700493661195
2020-01-21,1.0661065567633412,1.2207456341823673
2020-01-22,1.0713382601810248,1.2294574654049726
2020-01-23,1.0716346162921637,1.230829169051561
2020-01-24,1.0718407528663607,1.2317839640662576
2020-01-27,1.0720208529042181,1.2326186173609914
2020-01-28,1.0717805810315566,1.231505199228001
2020-01-29,1.0717995930151338,1.231593273059233
2020-01-30,1.0361607285844394,1.1947115203759555
2020-01-31,1.0076855972115273,1.1679594317403228
2020-02-03,1.0003763977366058,1.156759840085184
2020-02-04,1.0038559904574331,1.163903143105255
2020-02-05,1.008374477864674,1.156696417933516
2020-02-06,1.0299029756440647,1.1585902116586222
2020-02-07,1.0254765864306474,1.148255443003448
2020-02-10,1.0124181948842639,1.1205868421161402
2020-02-11,1.020312729834958,1.1359622372775164
2020-02-12,1.0294977056461827,1.1379699672593553
2020-02-13,1.0316626780515603,1.136223466232132
2020-02-14,1.0359618065662752,1.133428578021666
2020-02-17,1.0345413244106878,1.1469863908813474
2020-02-18,1.0293532198602726,1.1559841947943728
2020-02-19,1.0293371718303872,1.1522106423738638
2020-02-20,1.0358799774773848,1.1534656487164823
2020-02-21,1.0310864313210046,1.138816693807012
2020-02-24,0.9953252720448245,1.1031764793775527
2020-02-25,1.0098901751195202,1.1196995672746268
2020-02-26,1.0050925307625986,1.0984837292277343
2020-02-27,1.0185371485334047,1.0967129314198845
2020-02-28,1.0060430652386405,1.0629826787594012
2020-03-02,1.0139455357103113,1.0629134396904976
2020-03-03,1.0208074639167106,1.08845658358406
2020-03-04,1.0228239220829596,1.0788039801489506
2020-03-05,1.0274620806233319,1.1051598442654078
2020-03-06,1.0233275761352567,1.0928592052170976
2020-03-09,0.9612891987267199,1.0386834556952231
2020-03-10,0.9638565975335497,1.011156775824488
2020-03-11,0.9375915671548801,1.0281929066402498
2020-03-12,0.8951889297318903,0.9996689793475635
2020-03-13,0.8885722045829382,0.9750516232455085
2020-03-16,0.8774649998384313,0.9604516388100851
2020-03-17,0.8832110533155011,0.9827430549186212
2020-03-18,0.8861771932736611,0.9876619044073967
2020-03-19,0.8652732995751764,0.9784157177234014
2020-03-20,0.8571496852242436,0.9791656112800239
2020-03-23,0.8090370865914946,0.9744772841717059
2020-03-24,0.8049274763566929,1.0015358567045698
2020-03-25,0.8393968718824008,1.0264329223782016
2020-03-26,0.8289174764274356,1.0186171043337142
2020-03-27,0.821000177106335,1.0057564778086376
2020-03-30,0.782810829220202,0.9711896680739186
2020-03-31,0.7807610568137462,0.9843443103969349
2020-04-01,0.8011621914812723,1.0090190397125585
2020-04-02,0.8011621914812723,1.0211262173915123
2020-04-03,0.8265137094700844,1.038280009715825
2020-04-06,0.867920330418453,1.0991124675739399
2020-04-07,0.8785547601586102,1.1050041575333795
2020-04-08,0.8808106778351822,1.1253829358881986
2020-04-09,0.8928641128563016,1.1812774832132562
2020-04-10,0.8925483870368189,1.2169098933611986
2020-04-13,0.900429041329217,1.2297129522153494
2020-04-14,0.9076258486088395,1.2342648311388935
2020-04-15,0.9228309842075987,1.2240695751720698
2020-04-16,0.9262521808862951,1.2181111530411797
2020-04-17,0.9368207316485312,1.2091320147125069
2020-04-20,0.9361725018261425,1.182222216472847
2020-04-21,0.8954396044796212,1.1317526723057993
2020-04-22,0.9064637064972598,1.1667679408023468
2020-04-23,0.9100813136495606,1.1750369384206456
2020-04-24,0.9143702486210852,1.1714209167262692
2020-04-27,0.9106371258170727,1.1573050706143926
2020-04-28,0.9079936127198374,1.1534952965152119
2020-04-29,0.9102729261710615,1.1476710455015096
2020-04-30,0.9102729261710615,1.1406210478884906
2020-05-01,0.9102729261710615,1.1444076156007696
2020-05-04,0.9005455230535745,1.135995834731802
2020-05-05,0.9017919828266945,1.1189363604370166
2020-05-06,0.9215700516793164,1.1252166602942477
2020-05-07,0.9363962335489388,1.1606225599652076
2020-05-08,0.9520241386383689,1.1926637898924342
2020-05-11,0.9686597113994827,1.2064451466322366
2020-05-12,0.9755158571583732,1.2015976040994631
2020-05-13,0.9813228936889614,1.203081079908824
2020-05-14,0.9775362211773138,1.2066958894769666
2020-05-15,0.9649636068040927,1.1431398821506815
2020-05-18,0.9727550699672243,1.112113859873294
2020-05-19,0.982323614850322,1.0988467957075612
2020-05-20,0.9846455136353774,1.040047750712396
2020-05-21,0.9889783929267685,0.9839244141125267
2020-05-22,0.9808149677436255,1.040215605066706
2020-05-25,0.991210818335108,1.079190328622789
2020-05-26,1.0039463795068446,1.0666701388122073
2020-05-27,0.9874334226190147,1.0506289695314721
2020-05-28,0.9917893172425213,1.0728315963835324
2020-05-29,0.9923436230302428,1.0750366411238013
2020-06-01,1.0083022416183562,1.0789631595374
2020-06-02,1.0059558267099924,1.0717760689505982
2020-06-03,1.0186617260805402,1.1037110863632396
2020-06-04,1.0199548051330172,1.1332262241798203
2020-06-05,1.0185922904200888,1.1229497539676563
2020-06-08,1.03038995113949,1.1424306225225236
2020-06-09,1.0303723397873465,1.1386851115390626
2020-06-10,1.0334339054116157,1.141399979155573
2020-06-11,0.9954551321122181,1.1235963944059608
2020-06-12,0.9994168302970629,1.134941212125285
2020-06-15,0.9739576417674897,1.1211204905003678
2020-06-16,0.9958315870061734,1.1354518943711591
2020-06-17,0.9873091422417982,1.0861105735702261
2020-06-18,0.9864963114956938,1.0696095157178485
2020-06-19,0.9995580517904569,1.0990593281855547
2020-06-22,0.9998133723915618,1.0959004486025865
2020-06-23,0.9996670894483273,1.0911972097055713
2020-06-24,0.9908595309598118,1.0777454590902749
2020-06-25,0.9860482919882624,1.0885607558838861
2020-06-26,0.9828891757769556,1.0811512049167757
2020-06-29,0.9596701264102488,1.0478590438933593
2020-06-30,0.954568115531568,1.0489642991756007
2020-07-01,0.9722576725334191,1.0494263509385289
2020-07-02,0.9719993296421287,1.045995624821884
2020-07-03,0.9750043107445412,1.0389084576609524
2020-07-06,0.9891341991660356,1.0422962020876787
2020-07-07,0.9911791026394041,1.0545805983594723
2020-07-08,0.9941009711710849,1.0577558882706513
2020-07-09,1.0058766924780689,1.059617500544604
2020-07-10,0.9999031182177444,1.052169521309281
2020-07-13,0.9981964946565491,1.04360543911038
2020-07-14,0.9996477901752205,1.0525787806913744
2020-07-15,1.0012146154654162,1.0457579708923348
2020-07-16,1.0082342216028168,1.0452336504465347
2020-07-17,1.0061409069270781,1.0519533272787194
2020-07-20,0.9964000633796078,1.0510553764221287
2020-07-21,0.9960078018328926,1.0595894058738908
2020-07-22,0.9895992086796976,1.0591110171544162
2020-07-23,0.9900029503322872,1.049498746342082
2020-07-24,0.9617973732530215,1.0172572759854293
2020-07-27,0.9171389456459529,0.9822248898672049
2020-07-28,0.9482749782415133,1.0275121124575797
2020-07-29,0.9260589565668202,1.057549314196359
2020-07-30,0.9353494551798794,1.0537940832696593
2020-07-31,0.9318398287074319,1.0577299078041553
2020-08-03,0.951755525551183,1.0682483962311151
2020-08-04,0.9662655899900019,1.0954986154908728
2020-08-05,0.9775547741955196,1.1155188725587433
2020-08-06,0.977285801608347,1.1195480381963792
2020-08-07,0.9774259811422243,1.0955839543618915
2020-08-10,0.9832919472331892,1.0985896319096273
2020-08-11,0.9856330487625393,1.0712097570818357
2020-08-12,0.9897640601595689,1.072148022369056
2020-08-13,0.9974600102875457,1.082993006359886
2020-08-14,0.9921552605546741,1.069834206880821
2020-08-17,0.9928865623238919,1.0868007011741936
2020-08-18,0.988947191541604,1.0895078765511317
2020-08-19,0.9950672803391567,1.110608715059951
2020-08-20,0.993877352931023,1.0956772415834737
2020-08-21,1.002566284199759,1.0959685535526569
2020-08-24,1.0172732015256107,1.102199644698815
2020-08-25,1.022883018652709,1.0935321687429636
2020-08-26,1.0213876601244936,1.0980667405770246
2020-08-27,1.0260606672201047,1.097040731186576
2020-08-28,1.0307273201393896,1.1223563400904208
2020-08-31,1.0355093457020101,1.1212854406060504
2020-09-01,1.0444745414659538,1.1284935739812085
2020-09-02,1.0444745414659538,1.1180701631522652
2020-09-03,1.0579533647041695,1.1168032819706288
2020-09-04,1.0566058676597885,1.1124712016331588
2020-09-07,1.0421465495540922,1.1046676152192552
2020-09-08,1.0483132987857464,1.1080267527414414
2020-09-09,1.0483119845062046,1.1141378143679659
2020-09-10,1.0486059067649653,1.1172139919554334
2020-09-11,1.0479660904893942,1.132593121992007
2020-09-14,1.051182012932522,1.1350281970552578
2020-09-15,1.0537936422840082,1.136434296489281
2020-09-16,1.0542786036241936,1.1316903839080208
2020-09-17,1.0527338578294756,1.1312923657105871
2020-09-18,1.0618544851648037,1.138942725921396
2020-09-21,1.07101584342212,1.137417607968978
2020-09-22,1.072875253055298,1.147597436022255
2020-09-23,1.079877687452157,1.13868311411786
2020-09-24,1.075267184190242,1.138304051989688
2020-09-25,1.0757072748437824,1.1351814688473945
2020-09-28,1.0835335470872358,1.149355837731004
2020-09-29,1.074551050607057,1.1420592353539125
2020-09-30,1.0784299692091723,1.1471479613483435
2020-10-01,1.0895815032469687,1.1560279807201377
2020-10-02,1.0841287374967077,1.1529587478506027
2020-10-05,1.0945129037087389,1.166428246794193
2020-10-06,1.1004728501042838,1.1626920218663856
2020-10-07,1.1021698967481264,1.156011862841552
2020-10-08,1.1031536484385434,1.1582909433159154
2020-10-09,1.1105801213427693,1.1746644912285709
2020-10-12,1.1120284164104177,1.1706801889613654
2020-10-13,1.1159841233288434,1.1565917224804485
2020-10-14,1.128208945221912,1.1678958800353751
2020-10-15,1.13392210928491,1.1942407254890126
2020-10-16,1.1374760645200233,1.1911480598982398
2020-10-19,1.144047186444301,1.1859619575088864
2020-10-20,1.1463233986589003,1.1821474588849714
2020-10-21,1.140641317006921,1.1851358690043412
2020-10-22,1.1515658449654576,1.1770487839944597
2020-10-23,1.1596204154370502,1.1955430126600102
2020-10-26,1.14722646081863,1.1886335001131927
2020-10-27,1.1393991313782592,1.1858086421703828
2020-10-28,1.111315896061912,1.157733432801631
2020-10-29,1.1122810168087576,1.1590684718725397
2020-10-30,1.1165317862917317,1.1679762468455237
2020-11-02,1.1249962524986579,1.1759016387018084
2020-11-03,1.1314316665988855,1.1850928342606808
2020-11-04,1.1371239142419867,1.1849384480785332
2020-11-05,1.13196804636945,1.1935157296822292
2020-11-06,1.1327919895317449,1.201270067482708
2020-11-09,1.149284548034673,1.1952664912610607
2020-11-10,1.148295631080595,1.2007469232356065
2020-11-11,1.1493868765949407,1.1960116224946247
2020-11-12,1.160152641469821,1.2100129381870526
2020-11-13,1.1666055874102412,1.212920910063961
2020-11-16,1.1514460696832651,1.2080449810542837
2020-11-17,1.1697452550836407,1.2170079796188331
2020-11-18,1.1750987541585567,1.21857972821302
2020-11-19,1.183889096213285,1.2204055857221272
2020-11-20,1.1854648423973637,1.2251700961045044
2020-11-23,1.1903213459850606,1.216831544810955
2020-11-24,1.190098378838044,1.2052699485468015
2020-11-25,1.193319790566998,1.1977925837724714
2020-11-26,1.2003634213564973,1.194564032781982
2020-11-27,1.2093793188945507,1.1947532503095724
2020-11-30,1.2078513488125713,1.1856493385768239
2020-12-01,1.21680224667949,1.2145830675590505
2020-12-02,1.2224618841296788,1.2312701363796679
2020-12-03,1.2273373202851656,1.2472674262756405
2020-12-04,1.230808371124249,1.2419210276132078
2020-12-07,1.237255684038984,1.2546770885990401
2020-12-08,1.240595876732975,1.2703210826637135
2020-12-09,1.2485628567218237,1.2581998493452047
2020-12-10,1.2386090236953693,1.2421156332293284
2020-12-11,1.2535731816606543,1.258125401949695
2020-12-14,1.2682792575413822,1.2544756633753207
2020-12-15,1.2615988125987552,1.2517851359498975
2020-12-16,1.272874089514577,1.2592090613310942
2020-12-17,1.2668995580041713,1.2613783256682305
2020-12-18,1.2869257453924308,1.2742124786654236
2020-12-21,1.303898983278614,1.290059800133493
2020-12-22,1.309510344976882,1.2968158127571885
2020-12-23,1.3013575075851003,1.2936273273294912
2020-12-24,1.287573408602523,1.2720473395692309
2020-12-25,1.3086507707376709,1.2972532174545135
2020-12-28,1.3167712890418362,1.3088999688629628
2020-12-29,1.3194068365976093,1.3000892669386581
2020-12-30,1.3158095781130956,1.2885461434294012
2020-12-31,1.3253047405895344,1.2960560045205305
2021-01-01,1.3253047405895344,1.2960560045205305
2021-01-04,1.345329857775998,1.3124707596429714
2021-01-05,1.3590936014783208,1.3443318652028917
2021-01-06,1.3669657772041262,1.335627387439508
2021-01-07,1.3794126183773194,1.3576701409330427
2021-01-08,1.390536747082445,1.3455856097874315
2021-01-11,1.401400988347763,1.3395660701325585
2021-01-12,1.40717600996949,1.3519829975676017
2021-01-13,1.4065197926362092,1.3761162547732824
2021-01-14,1.4119343327738236,1.3845542281671475
2021-01-15,1.4217666938402573,1.3852329420167568
2021-01-18,1.4166919713121566,1.3769338016309112
2021-01-19,1.3579032591273743,1.3026376243749667
2021-01-20,1.362759551159031,1.318501757720702
2021-01-21,1.3899595192914436,1.3453418545850027
2021-01-22,1.3906535840770264,1.3520374235830577
2021-01-25,1.3874000254311256,1.360529463526479
2021-01-26,1.3582359251488827,1.3144208980419803
2021-01-27,1.3171920620693816,1.2715095729929282
2021-01-28,1.2446351333931995,1.1989016961690886
2021-01-29,1.2728691405753627,1.186256370114234
2021-02-01,1.250538215647702,1.1394155990138148
2021-02-02,1.2937358767341431,1.1710355847357958
2021-02-03,1.3320826058651787,1.223875303967652
2021-02-04,1.332282610661851,1.222972400539239
2021-02-05,1.3513757193852356,1.2478175583158935
2021-02-08,1.31115824236491,1.2019522578304538
2021-02-09,1.343517963168295,1.2201457939318054
2021-02-10,1.343517963168295,1.221359285162888
2021-02-11,1.343517963168295,1.2191118883893108
2021-02-12,1.343517963168295,1.2186375680050296
2021-02-15,1.343517963168295,1.2186375680050296
2021-02-16,1.343517963168295,1.215109427651069
2021-02-17,1.3857529588979136,1.2602270168351106
2021-02-18,1.4024671083955826,1.291621466580367
2021-02-19,1.4027146564248134,1.302696736145399
2021-02-22,1.400525239318937,1.3036341472000172
2021-02-23,1.4026355431962747,1.3022036478566548
2021-02-24,1.3888789735947644,1.2928104547106745
2021-02-25,1.3930217248799266,1.3019740245611284
2021-02-26,1.3948555803283444,1.3201872678626063
2021-03-01,1.4153700438251677,1.354407805319824
2021-03-02,1.416738275917372,1.3712402624382676
2021-03-03,1.4166640717828525,1.3749983132760883
2021-03-04,1.3928599609915757,1.3404480199739024
2021-03-05,1.395549525858856,1.3547814203873543
2021-03-08,1.394966542547138,1.351235880204751
2021-03-09,1.383544595784754,1.3431474548620403
2021-03-10,1.391223226459177,1.3457897050329852
2021-03-11,1.4059697813428131,1.3595497262518852
2021-03-12,1.406981235396871,1.362005656008235
2021-03-15,1.4084162363030086,1.3655869391380737
2021-03-16,1.4067432869351302,1.3560217544546762
2021-03-17,1.4157903819617979,1.3807259276739088
2021-03-18,1.429444833133309,1.3895694297151486
2021-03-19,1.422629434727872,1.3895321193121124
2021-03-22,1.419649881596543,1.3773067294169405
2021-03-23,1.409138166336674,1.3623124883252304
2021-03-24,1.3831987802645413,1.3292148756335267
2021-03-25,1.4022878316834968,1.3164528701989557
2021-03-26,1.4262861245481768,1.3292005639249174
2021-03-29,1.4627370322967412,1.3457018103008642
2021-03-30,1.4953369999399184,1.391222153263724
2021-03-31,1.5250579231459795,1.4234466693024734
2021-04-01,1.5515737952566755,1.4583725609296583
2021-04-02,1.5618138103721046,1.473741050028781
2021-04-05,1.5647778906865213,1.5173092118531968
2021-04-06,1.565023604478381,1.5211116725499558
2021-04-07,1.5682294125220995,1.514647542092599
2021-04-08,1.556461092611105,1.4839085745116338
2021-04-09,1.5574970863490085,1.475420902869155
2021-04-12,1.5723569331194058,1.5160618322666564
2021-04-13,1.5582116703086895,1.4914060757971486
2021-04-14,1.5584334492129328,1.5078495884150207
2021-04-15,1.543411936475686,1.4844957978150515
2021-04-16,1.5365516822241827,1.4834573905698143
2021-04-19,1.5629104959038438,1.5197560623753528
2021-04-20,1.567882590285358,1.546203917381602
2021-04-21,1.5678991648451275,1.5471497542001886
2021-04-22,1.5266131221938484,1.5252409388435777
2021-04-23,1.534671133194095,1.5151788752600748
2021-04-26,1.5121973725555125,1.5226444180991785
2021-04-27,1.5145150066271769,1.5235072010015542
2021-04-28,1.5234707908105556,1.5415857805024935
2021-04-29,1.5368257999429134,1.5618041731419081
2021-04-30,1.5368255136957987,1.561787345191097
2021-05-03,1.536833376806096,1.5622496680274294
2021-05-04,1.5290871885176818,1.5608860361940116
2021-05-05,1.5453486581462186,1.555222739527851
2021-05-06,1.5526482586116772,1.615521765992979
2021-05-07,1.54829327505301,1.6259871456110446
2021-05-10,1.5806555997258789,1.6400370627841874
2021-05-11,1.5739085516321931,1.6687679008590497
2021-05-12,1.5899084765989344,1.6745310046209358
2021-05-13,1.5882819812060134,1.6672346967781015
2021-05-14,1.6207561981311973,1.7043616281199374
2021-05-17,1.6251431028417382,1.7024913218580382
2021-05-18,1.6224782050928561,1.6763701419364212
2021-05-19,1.6380495656581515,1.716457935677618
2021-05-20,1.659595636547441,1.7346763464647321
2021-05-21,1.6651078115386106,1.7260230542328896
2021-05-24,1.6826064433634598,1.7364242751398449
2021-05-25,1.7118627148543761,1.7766351234701048
2021-05-26,1.7364794013299272,1.8376811286788794
2021-05-27,1.71811820429829,1.8369423856173677
2021-05-28,1.74914096087031,1.8723513307167416
2021-05-31,1.7698923446393546,1.9681353483634791
2021-06-01,1.7799264266971369,2.020737949667228
2021-06-02,1.7826791142451393,2.0284840103492225
2021-06-03,1.8159868644368877,2.074115720724815
2021-06-04,1.8411029462020545,2.108168866715784
2021-06-07,1.8092708483827944,2.046626350572377
2021-06-08,1.7591104952005459,1.9939962410350995
2021-06-09,1.76271366497457,2.0024121206891
2021-06-10,1.7543612398793316,2.0138526606479097
2021-06-11,1.793742260630314,2.0627097631711777
2021-06-14,1.802866701959829,2.0524766669018515
2021-06-15,1.7972447305611037,2.0150606372899738
2021-06-16,1.7762564299365264,1.9691412125594174
2021-06-17,1.7750032357808065,1.9655939188371383
2021-06-18,1.7920877432814393,1.9844511913078415
2021-06-21,1.7850156796091707,1.9752144835644032
2021-06-22,1.7917075858877256,1.9820679028863852
2021-06-23,1.7865974739832522,1.9745336081409368
2021-06-24,1.786335145207971,1.9658229745298748
2021-06-25,1.7975557150135264,1.9519347097757012
2021-06-28,1.8198715661429674,1.9852074792991101
2021-06-29,1.8236570838767119,1.9831909697778398
2021-06-30,1.8218699734155128,1.9719805511610609
2021-07-01,1.832302807206958,1.9711275530587848
2021-07-02,1.8483538636619719,2.005943987182461
2021-07-05,1.8427647916849905,2.002072739513487
2021-07-06,1.775499512506613,1.9826719233251047
2021-07-07,1.8163583614288734,1.9794629435479563
2021-07-08,1.8050407285065022,2.00050977654861
2021-07-09,1.7711834403891131,1.9953344060079794
2021-07-12,1.7000301826042785,1.8740718219177626
2021-07-13,1.7103797240367198,1.8629209609717476
2021-07-14,1.6818757624511949,1.772849981791289
2021-07-15,1.7054193388694603,1.800051478774329
2021-07-16,1.7052109542527913,1.7844291496309093
2021-07-19,1.6256898892247644,1.670810929210334
2021-07-20,1.6683888769732291,1.7162360621493171
2021-07-21,1.6610387443305872,1.691278557602015
2021-07-22,1.690849462876008,1.7236837901783424
2021-07-23,1.6615989234742317,1.6754192117716773
2021-07-26,1.6547444020339168,1.6330864324420524
2021-07-27,1.6709014523537744,1.6686303151267556
2021-07-28,1.669661244746784,1.6761553168637353
2021-07-29,1.6919783400164226,1.699550453920721
2021-07-30,1.7151819546136058,1.7354079620916432
2021-08-02,1.7165959560330166,1.7435596080936442
2021-08-03,1.7318828996144617,1.7501330116018794
2021-08-04,1.7350884857022137,1.746229528678501
2021-08-05,1.7479295502221497,1.7701284794053829
2021-08-06,1.7423743737162225,1.753947176902203
2021-08-09,1.7641438532894487,1.7804723185448734
2021-08-10,1.7648995990762775,1.770138255752278
2021-08-11,1.7606116204073077,1.7597907955672873
2021-08-12,1.7483778974156312,1.7424746026425086
2021-08-13,1.7491113697288097,1.746339459648722
2021-08-16,1.7694616487569512,1.7838791243743624
2021-08-17,1.7584947982110548,1.7730368155655087
2021-08-18,1.763001775272986,1.7538290071510705
2021-08-19,1.7726315891521305,1.7732562573895474
2021-08-20,1.7186903582028195,1.73973774155398
2021-08-23,1.6687376861648806,1.6937037539600437
2021-08-24,1.6742796494433334,1.6785477957225121
2021-08-25,1.6923194083947175,1.7142454354815437
2021-08-26,1.6873411037715664,1.691496417310706
2021-08-27,1.7030659325301214,1.6932090661715005
2021-08-30,1.7161224793752174,1.709749900538225
2021-08-31,1.7227659351466664,1.7064539436050319
2021-09-01,1.7277355154934222,1.694128294659435
2021-09-02,1.7274295428306976,1.694128294659435
2021-09-03,1.7286383955899562,1.694128294659435
2021-09-06,1.7351283931314754,1.6746840462705177
2021-09-07,1.7299555001891365,1.6901521740799348
2021-09-08,1.722508472239437,1.7185634447541165
2021-09-09,1.7397768942621132,1.7276923077544952
2021-09-10,1.7391465133461026,1.722427107746707
2021-09-13,1.7348765821468184,1.7130828119954085
2021-09-14,1.7324836453824042,1.7000186462672162
2021-09-15,1.7418543640578719,1.7313681495654412
2021-09-16,1.7454649061752545,1.743714844651522
2021-09-17,1.7520449919012213,1.7549743926653278
2021-09-20,1.749469318922338,1.7477144027196856
2021-09-21,1.738994763796146,1.7326968199072454
2021-09-22,1.7509629903485362,1.736606286088281
2021-09-23,1.7542270264614883,1.735505728606456
2021-09-24,1.7550073982234804,1.7299684066396788
2021-09-27,1.7236019441354855,1.684934683297794
2021-09-28,1.7407588400243446,1.6975656015600173
2021-09-29,1.7431173372610442,1.699498389160669
2021-09-30,1.7471191411045317,1.7097370095840512
2021-10-01,1.7395106521744244,1.673743785064446
2021-10-04,1.750119878630539,1.6659157482408817
2021-10-05,1.7720849524552547,1.6886535095302158
2021-10-06,1.7823779094953582,1.6829984089628596
2021-10-07,1.7836863440788648,1.721520866548668
2021-10-08,1.7940056638295163,1.7397371827874126
2021-10-11,1.820522110364221,1.7681233250104154
2021-10-12,1.8263536750604483,1.7565795119202494
2021-10-13,1.8243808021564696,1.7597475414737458
2021-10-14,1.8214491615695303,1.7611432052926441
2021-10-15,1.8196501068626543,1.7686881854940304
2021-10-18,1.8226982213478542,1.7772359327212333
2021-10-19,1.8206985828442481,1.7769509513197328
2021-10-20,1.8166333300130406,1.7657170463082863
2021-10-21,1.7988779102664785,1.7459275611027438
2021-10-22,1.8038879187414927,1.730248661756545
2021-10-25,1.8007784215213234,1.713166873825263
2021-10-26,1.8071663554853055,1.7237667831011414
2021-10-27,1.8461463642675402,1.755243170608132
2021-10-28,1.8678465027811062,1.7853131008111007
2021-10-29,1.8635303124744003,1.7607955882341313
2021-11-01,1.851410990808945,1.7598772140983987
2021-11-02,1.862530124941549,1.7693749697125587
2021-11-03,1.874402959255437,1.789309178979501
2021-11-04,1.8721920211859775,1.785591922474722
2021-11-05,1.881514669814596,1.790214960591484
2021-11-08,1.8925603697039588,1.7995928096116998
2021-11-09,1.882598371550134,1.7884691704921172
2021-11-10,1.8861850171622134,1.7834516765533899
2021-11-11,1.8764239568464667,1.767386440790248
2021-11-12,1.890443275862501,1.784177135966922
2021-11-15,1.8964613511851063,1.7883551256097168
2021-11-16,1.8867057303076666,1.7744042170851773
2021-11-17,1.8992275808294004,1.7872914549848204
2021-11-18,1.884820840180841,1.8024967414537398
2021-11-19,1.8680800951046825,1.8055864576454834
2021-11-22,1.8722373503215983,1.8192442173350198
2021-11-23,1.894371757583638,1.855222184847486
2021-11-24,1.934219379775144,1.9283229905041785
2021-11-25,1.942781772064103,1.986640377095322
2021-11-26,1.9270940539785764,1.9767621554554906
2021-11-29,1.9059523343372444,1.9662314559965777
2021-11-30,1.8888254980782977,1.9600404004271046
2021-12-01,1.904578303520599,1.9594104550773639
2021-12-02,1.8958617993644291,1.9310479036712795
2021-12-03,1.8468096353772638,1.8561625499447159
2021-12-06,1.8143189127149393,1.8477156584687817
2021-12-07,1.8571553694549614,1.876611479541281
2021-12-08,1.8681234032804077,1.888217296415855
2021-12-09,1.8856261880093346,1.9126507242857334
2021-12-10,1.8850041728599647,1.9040203955213557
2021-12-13,1.8915243139064746,1.9111209213532738
2021-12-14,1.8898666804028377,1.9033490768257892
2021-12-15,1.8930061342819018,1.902299172141407
2021-12-16,1.897086914369335,1.8904682855780002
2021-12-17,1.8981711864681141,1.8962983697572149
2021-12-20,1.9016800313886333,1.8999453354388274
2021-12-21,1.8960366305007037,1.8952745580487156
2021-12-22,1.8889008847684086,1.880814489114134
2021-12-23,1.8648276090963931,1.8473069334654382
2021-12-24,1.896279705797592,1.9147598314876146
2021-12-27,1.9093468618172265,1.9786971864241683
2021-12-28,1.9178939901919083,1.9778225512091954
2021-12-29,1.9108433775729379,2.001810514579572
2021-12-30,1.9127766980981904,2.0228896346908827
2021-12-31,1.9328274809238435,2.027094574474079
2022-01-03,1.9310732833798159,2.027094574474079
2022-01-04,1.9671835797718005,2.0376243681058086
2022-01-05,1.9628314172071428,2.016873648919878
2022-01-06,1.9605416700880134,1.9824275180746789
2022-01-07,1.9564614951280728,1.9456432198325313
2022-01-10,1.9246994539355022,1.886744636646078
2022-01-11,1.9117815283279365,1.8188028475785263
2022-01-12,1.958127269500978,1.8848187105334968
2022-01-13,1.947529637941921,1.9047564844594171
2022-01-14,1.950398132013356,1.9017480565121427
2022-01-17,1.8947690073671037,1.869905753735737
2022-01-18,1.8810798357918395,1.8482435771150205
2022-01-19,1.8942829811784816,1.8660204845614854
2022-01-20,1.919151026718704,1.9002085032381606
2022-01-21,1.9255704297531897,1.8965860218612345
2022-01-24,1.8840842262865913,1.8635362846618153
2022-01-25,1.9384184848237171,1.904534971901482
2022-01-26,1.9486517178866556,1.888778151186226
2022-01-27,1.9464081385614735,1.8689289461633747
2022-01-28,1.9630455268495282,1.8982003552856226
2022-01-31,1.9637927007989242,1.8982003552856226
2022-02-01,1.9641421763515132,1.8982003552856226
2022-02-02,1.9647268507821403,1.8982003552856226
2022-02-03,1.964319834691272,1.8982003552856226
2022-02-04,1.9645563266846393,1.8982003552856226
2022-02-07,1.9850756304589023,1.9064112734631746
2022-02-08,1.99264507484461,1.8797605894734537
2022-02-09,1.9959689545128192,1.8841654917232096
2022-02-10,1.9967441413396414,1.8860287748306794
2022-02-11,1.9899267077521086,1.8818540295621422
2022-02-14,1.9431094416966035,1.8030197809725397
2022-02-15,1.9696944513761934,1.833246322539971
2022-02-16,1.9687043658192842,1.8192805480215586
2022-02-17,1.9895059422937638,1.8126127911816792
2022-02-18,1.9775746330032185,1.8067218822677371
2022-02-21,1.980983822437688,1.811774413336854
2022-02-22,1.9788056897105435,1.808138438399156
2022-02-23,1.9919308264221942,1.828893732102469
2022-02-24,1.9746754910010276,1.8122537223542405
2022-02-25,1.9766510167383142,1.8250238421379823
2022-02-28,1.9653558550146621,1.7946317930348012
2022-03-01,1.9725991007599257,1.8452397253003014
2022-03-02,1.9492199628003863,1.857686055716259
2022-03-03,1.9692393958286665,1.867738269057086
2022-03-04,1.9676804212194234,1.8719682996475915
2022-03-07,1.9494582464405132,1.8523569266972877
2022-03-08,1.9308452191738366,1.8476585127572687
2022-03-09,1.918039972743434,1.8389860794918171
2022-03-10,1.9232331224322918,1.8303892465537497
2022-03-11,1.9059728311269926,1.807405858024615
2022-03-14,1.884488930354198,1.781086216341772
2022-03-15,1.8875285679213016,1.788524423769676
2022-03-16,1.8930826160642649,1.7906264157674616
2022-03-17,1.8973993551768837,1.7923143560158432
2022-03-18,1.9022896341206925,1.7901936525664088
2022-03-21,1.929280112434327,1.8127992021901635
2022-03-22,1.9402289378604,1.8289367938685541
2022-03-23,1.936113238201927,1.8255533623559936
2022-03-24,1.9321465323067064,1.8233106349027988
2022-03-25,1.9285877333311208,1.8274755997176733
2022-03-28,1.9094852310091224,1.8153583106141233
2022-03-29,1.92850564905236,1.7862722687698445
2022-03-30,1.9371651782721044,1.8217193597095642
2022-03-31,1.948834165982772,1.821208401762644
2022-04-01,1.984582741018478,1.8519504547715577
2022-04-04,1.9913429277874557,1.8687595452510313
2022-04-05,1.9795840425403486,1.8656612890341606
2022-04-06,1.998260894820198,1.8751644791817679
2022-04-07,1.97713852529017,1.8583261136581213
2022-04-08,1.9500463230414247,1.8190146129758156
2022-04-11,1.950195064797741,1.819167805183103
2022-04-12,1.9213151061557603,1.8124613618007608
2022-04-13,1.9499828005774054,1.8635745919550146
2022-04-14,1.945429172993997,1.872892495151381
2022-04-15,1.9357067475907797,1.865641396958045
2022-04-18,1.9131890368039366,1.871562242993264
2022-04-19,1.8720937531784514,1.823578466030458
2022-04-20,1.8509388612974171,1.8079172678731419
2022-04-21,1.8419432367270296,1.8070073217650129
2022-04-22,1.8538274121174603,1.7913811997552878
2022-04-25,1.755135995157169,1.6878870829124295
2022-04-26,1.8026616861634153,1.720831571847876
2022-04-27,1.8109239748912753,1.7164793948766548
2022-04-28,1.808190371203918,1.7321356095327545
2022-04-29,1.8282966778099492,1.7413051045902206
2022-05-02,1.82587282856424,1.7387564287085955
2022-05-03,1.8262374656378033,1.7391398218540373
2022-05-04,1.801834951151266,1.7204667846271395
2022-05-05,1.8220196766133492,1.7336827028104553
2022-05-06,1.7809898860006566,1.7005942517342358
2022-05-09,1.7037580483967638,1.6024159105202667
2022-05-10,1.741976335442355,1.6775244427052085
2022-05-11,1.7516400212314893,1.7256843785943363
2022-05-12,1.6649787105864138,1.6394567078346765
2022-05-13,1.5931034024793438,1.5435633062301437
2022-05-16,1.5805612208560615,1.4902877877552783
2022-05-17,1.6594521462840945,1.5665976675116784
2022-05-18,1.6723601308886196,1.6068559635398327
2022-05-19,1.6742716246285503,1.6266684601989831
2022-05-20,1.6701332477266564,1.6324222663293664
2022-05-23,1.637224963697835,1.5844295122331067
2022-05-24,1.6629510064256592,1.6081486760736339
2022-05-25,1.7097343514208763,1.6710176891718258
2022-05-26,1.7120420555108669,1.6935075215257036
2022-05-27,1.7394554518428171,1.7660266336226744
2022-05-30,1.748475208651863,1.7822072417189565
2022-05-31,1.7431911015527761,1.753312700072977
2022-06-01,1.7519678991365548,1.7811976471853352
2022-06-02,1.7384226386770123,1.7750009131031843
2022-06-03,1.7368650747026215,1.8035458037508785
2022-06-06,1.7407349961497796,1.7970494303742286
2022-06-07,1.7462683506469054,1.8229260550246618
2022-06-08,1.7702704783962517,1.8423827533509436
2022-06-09,1.7673072494255717,1.8271409183204315
2022-06-10,1.7388842997431802,1.757527891852275
2022-06-13,1.6587630443579933,1.6582399291715724
2022-06-14,1.661866886835766,1.7129258744997626
2022-06-15,1.6445909800610226,1.7460355619142278
2022-06-16,1.6838998584277944,1.8645279791183271
2022-06-17,1.660416585383449,1.8614347678371401
2022-06-20,1.6123734180738063,1.755504891530907
2022-06-21,1.6045735306816433,1.7020450107364613
2022-06-22,1.6035757951203498,1.604312831327561
2022-06-23,1.628383429391424,1.6846425344694247
2022-06-24,1.6245056657928452,1.6797984895919003
2022-06-27,1.6435536982851129,1.6757013809428718
2022-06-28,1.6700311331534672,1.7062968085749879
2022-06-29,1.6685260557812998,1.700318169981986
2022-06-30,1.6427458605179248,1.6771459376078306
2022-07-01,1.648772210987728,1.658169725504839
2022-07-04,1.6497106802474757,1.6142841106097041
2022-07-05,1.6332376657738155,1.5373347112336313
2022-07-06,1.5922906784001734,1.449600480875845
2022-07-07,1.6157424600812633,1.4742702501751543
2022-07-08,1.6202008038434434,1.4966258465433635
2022-07-11,1.5949212408459938,1.4262927764498265
2022-07-12,1.6171636796004047,1.4915240647542851
2022-07-13,1.6213911065489657,1.5096577811310194
2022-07-14,1.6275665753470274,1.5174507441146619
2022-07-15,1.6228768881893099,1.5206255545123541
2022-07-18,1.620591028917425,1.5420004566068504
2022-07-19,1.6250610377945283,1.5669058190220184
2022-07-20,1.6449660277014617,1.5908543799308665
2022-07-21,1.6526693860611272,1.5771914125536615
2022-07-22,1.6484242065991992,1.577679435154408
2022-07-25,1.6378519981736246,1.5604676715912822
2022-07-26,1.6318230899913406,1.5150357720811762
2022-07-27,1.6390404288986216,1.5339308600376866
2022-07-28,1.6667562710605774,1.5445115440737114
2022-07-29,1.6653116765305294,1.5121322692732722
2022-08-01,1.698011123205928,1.529111398244878
2022-08-02,1.710712680932968,1.567373818157904
2022-08-03,1.716582351238515,1.6030991866779702
2022-08-04,1.7240528310124628,1.597792071073048
2022-08-05,1.718075608389106,1.6053219992014527
2022-08-08,1.7215446275402195,1.6079270455421313
2022-08-09,1.721950931616891,1.5965966367965345
2022-08-10,1.71689372244611,1.6140237106843474
2022-08-11,1.7139405798859095,1.6099838888379494
2022-08-12,1.7265725174306403,1.6220789718449729
2022-08-15,1.744853731033002,1.6450333437760776
2022-08-16,1.7445894737175611,1.650434266563427
2022-08-17,1.7434092084560708,1.6554221183864044
2022-08-18,1.7433170438679897,1.659273494644403
2022-08-19,1.7357929665280425,1.6549395680828178
2022-08-22,1.7312051069665293,1.7053052787929142
2022-08-23,1.7447994380829641,1.7248337940034366
2022-08-24,1.749480039701798,1.7187551411619515
2022-08-25,1.768303138526674,1.731983831271533
2022-08-26,1.758548576261881,1.7234549338677874
2022-08-29,1.743473848399185,1.7152846659392955
2022-08-30,1.7518746631494366,1.7298553329977564
2022-08-31,1.7542359245911345,1.746636240948537
2022-09-01,1.753098153778182,1.746636240948537
2022-09-02,1.7541583200962272,1.746636240948537
2022-09-05,1.7498271207059262,1.7260743904241478
2022-09-06,1.7510073664781132,1.7066316460201794
2022-09-07,1.7114433710583599,1.687795318150814
2022-09-08,1.6972367747254458,1.684543955320516
2022-09-09,1.713451107325582,1.7128692238323169
2022-09-12,1.7147997248275848,1.7109475039795596
2022-09-13,1.7118087586832413,1.7235572925078486
2022-09-14,1.6949584208650088,1.7271346818428714
2022-09-15,1.6981190397943853,1.8030794448668959
2022-09-16,1.6851345197180478,1.800843949170845
2022-09-19,1.6492680123598764,1.7873788372218218
2022-09-20,1.667382491501795,1.7831991432467005
2022-09-21,1.6568859346105993,1.7792001566633144
2022-09-22,1.6602630244596819,1.7765073645186389
2022-09-23,1.6443759626399292,1.75559953288643
2022-09-26,1.6037774673402558,1.7247140616355499
2022-09-27,1.600469799729453,1.7170070260556174
2022-09-28,1.574570892524129,1.6853343545491772
2022-09-29,1.5546983910044756,1.611392598581208
2022-09-30,1.5652690630859383,1.6858845678642698
2022-10-03,1.5083494384445746,1.6730634589268643
2022-10-04,1.5008536494966203,1.650840299263347
2022-10-05,1.5303257081200843,1.6833097985100636
2022-10-06,1.4873851391456745,1.6601707045713583
2022-10-07,1.4358638957357843,1.597799732443038
2022-10-10,1.4395922543901463,1.6455863443935013
2022-10-11,1.3871147453996293,1.557559870590458
2022-10-12,1.4337103565843237,1.6028187632044393
2022-10-13,1.4573338459646286,1.6091214522975632
2022-10-14,1.47308189405639,1.607581988624287
2022-10-17,1.4636852087016883,1.5877077945095774
2022-10-18,1.47852410169944,1.6256169448505795
2022-10-19,1.4717750309261795,1.6099823472722048
2022-10-20,1.4714787767794308,1.6103638105546085
2022-10-21,1.4197502716948027,1.5867690089619728
2022-10-24,1.373235381307465,1.5500539045201458
2022-10-25,1.3975818750695832,1.5565137414328336
2022-10-26,1.3962736372684879,1.5533275648614473
2022-10-27,1.4498941758848787,1.5516704948384288
2022-10-28,1.4471710083893563,1.551566258387015
2022-10-31,1.4510821730530143,1.550809874754791
2022-11-01,1.4648965177448967,1.5375109803981326
2022-11-02,1.4512952352719124,1.5261969956469459
2022-11-03,1.4468951450306131,1.497812788288705
2022-11-04,1.4228982971314248,1.4029341091471732
2022-11-07,1.39511237905535,1.4219892413596982
2022-11-08,1.4161407066797125,1.4162330035038313
2022-11-09,1.4227339628256297,1.4124616752534358
2022-11-10,1.3738388673242348,1.3896352147905149
2022-11-11,1.3924277733154125,1.395391452646382
2022-11-14,1.3800645143154255,1.3745499017889324
2022-11-15,1.336770843113779,1.372763483144008
2022-11-16,1.3885740499710766,1.418217913109303
2022-11-17,1.4258807851954547,1.495827878683234
2022-11-18,1.4243228830966057,1.4599010148242018
2022-11-21,1.4156773887583347,1.4503734487179392
2022-11-22,1.4083270549363902,1.4219892413596984
2022-11-23,1.404101051669603,1.4219892413596984
2022-11-24,1.4100559213994537,1.4219892413596984
2022-11-25,1.4432348842124043,1.4200043317542272
2022-11-28,1.4875364022055604,1.459901014824202
2022-11-29,1.5125709474292415,1.4978127882887051
2022-11-30,1.531754369232857,1.5319305602621858
2022-12-01,1.5219838349186083,1.514315344567919
2022-12-02,1.579748255408761,1.5204711225117284
2022-12-05,1.5992663360567037,1.54327209414344
2022-12-06,1.5303586494592718,1.5177616554297282
2022-12-07,1.5244366233157884,1.511268902137862
2022-12-08,1.5403429238085853,1.5201413823175753
2022-12-09,1.5423763938474546,1.5106893279906501
2022-12-12,1.5105360789996596,1.495879980148424
2022-12-13,1.535263015835637,1.5158608683607837
2022-12-14,1.5337728338385683,1.5196594916087083
2022-12-15,1.5385067058940538,1.5186678187355882
2022-12-16,1.5343261157149997,1.512431974131162
2022-12-19,1.5178192740212928,1.4970727255933247
2022-12-20,1.4991142887915792,1.501173250600041
2022-12-21,1.5001117822107715,1.5088870051462258
2022-12-22,1.5055889017651674,1.5152900548891872
2022-12-23,1.5023735300954426,1.5119659587324228
2022-12-26,1.451228505715738,1.4853393324859008
2022-12-27,1.4787412353677336,1.4995675703596973
2022-12-28,1.4900859755188611,1.5188573168086608
2022-12-29,1.4791638638951892,1.4889754398565798
2022-12-30,1.47409732869055,1.4389639339635387
2023-01-02,1.47409732869055,1.4389639339635387
2023-01-03,1.5284265047150338,1.4571255170944797
2023-01-04,1.535813532348951,1.4784854542495405
2023-01-05,1.552701936513819,1.501852970655667
2023-01-06,1.5524963967191807,1.555574850830019
2023-01-09,1.5552410372958487,1.5458745255642579
2023-01-10,1.553899661136007,1.5157458078836192
2023-01-11,1.5590878921813327,1.556624909823908
2023-01-12,1.5626079404137314,1.5468088185786475
2023-01-13,1.57052752008303,1.596732749875059
2023-01-16,1.580018784928462,1.617417579272657
2023-01-17,1.6079042332381512,1.6035876561042182
2023-01-18,1.6200126897153941,1.6036700930750565
2023-01-19,1.6317073786643272,1.5935414389757827
2023-01-20,1.6319399065430045,1.5935414389757827
2023-01-23,1.6319756628208058,1.5935414389757827
2023-01-24,1.6323224024536804,1.5935414389757827
2023-01-25,1.632693358441363,1.5935414389757827
2023-01-26,1.6320777635276706,1.5935414389757827
2023-01-27,1.6475262819108998,1.627338506495266
2023-01-30,1.6272248843950115,1.6115752030496373
2023-01-31,1.6358062946511385,1.6099004002570951
2023-02-01,1.5931439520907742,1.5992521903177568
2023-02-02,1.5963997101735723,1.596970131582022
2023-02-03,1.5884440765890744,1.6005492717521503
2023-02-06,1.6047555399495466,1.6131551865714073
2023-02-07,1.5771334465367473,1.5977758175379777
2023-02-08,1.5842801995885785,1.630733325157279
2023-02-09,1.571998838946163,1.6107123598946225
2023-02-10,1.5603360442851129,1.5886325143061708
2023-02-13,1.5481919290832027,1.5957272859955816
2023-02-14,1.5420642192090581,1.579886870467102
2023-02-15,1.5539388102671223,1.5768174596734303
2023-02-16,1.5685910819517332,1.5834777436430956
2023-02-17,1.567802165413946,1.5731230342701985
2023-02-20,1.606624519497486,1.5870727418633872
2023-02-21,1.600653739315545,1.5868501941983753
2023-02-22,1.5597921955817704,1.570130297162808
2023-02-23,1.557500229309354,1.5673203401006093
2023-02-24,1.536750864483901,1.5732840612834222
2023-02-27,1.5144723741598038,1.5443231464767824
2023-02-28,1.5225398577277431,1.5649650223292562
2023-03-01,1.5478277599568997,1.599573353069862
2023-03-02,1.5413652783178184,1.5736498783611543
2023-03-03,1.526224266205235,1.5643895807235706
2023-03-06,1.5277789968306847,1.5498833223723059
2023-03-07,1.5389102116050921,1.5646417527764054
2023-03-08,1.5520755750561763,1.5626588131989525
2023-03-09,1.564798168346052,1.5616990046733672
2023-03-10,1.5641402579605206,1.5544832309723282
2023-03-13,1.571307258460159,1.5647812023802787
2023-03-14,1.5544983357865385,1.5859943723347154
2023-03-15,1.5848363202283626,1.58251498631074
2023-03-16,1.564583428471756,1.5916856614971646
2023-03-17,1.570110400710798,1.5995958702007342
2023-03-20,1.5436182783566068,1.5756199005912042
2023-03-21,1.5477436438795655,1.5538715721118799
2023-03-22,1.5560975956640344,1.56425457898536
2023-03-23,1.56668119789741,1.5687225312694495
2023-03-24,1.567436555649998,1.567445653863948
2023-03-27,1.568259138453771,1.5542885303088274
2023-03-28,1.5722349744615016,1.5587303614646215
2023-03-29,1.5731852385874208,1.5603409005017572
2023-03-30,1.5812751286412088,1.5668844946836922
2023-03-31,1.5900837431483974,1.5776390067688524
2023-04-03,1.6077438211476514,1.5978586539899216
2023-04-04,1.6079912179218532,1.6018697298129174
2023-04-05,1.6095907216670575,1.6032685310668349
2023-04-06,1.595068349290005,1.5861450189243802
2023-04-07,1.5948117139837028,1.5875961611950242
2023-04-10,1.5922918320578576,1.5875901965241508
2023-04-11,1.5933000897264773,1.5898353372280365
2023-04-12,1.5924402517605303,1.590769622808829
2023-04-13,1.5874668386880435,1.5839450300130722
2023-04-14,1.569264824372518,1.563831422180142
2023-04-17,1.5649271587056806,1.5622542726244832
2023-04-18,1.5679613922935645,1.5633492358305032
2023-04-19,1.557737941159531,1.5502494645083131
2023-04-20,1.559244431776223,1.5510029073120917
2023-04-21,1.5478103009897268,1.5404752080150477
2023-04-24,1.546194029255784,1.5386137976170096
2023-04-25,1.5339487814419963,1.5244781903508673
2023-04-26,1.5405775455660558,1.52222395114041
2023-04-27,1.5377327008895314,1.5250654706114166
2023-04-28,1.5518338442856263,1.5240691898331664
2023-05-01,1.5511832342344365,1.520243557297038
2023-05-02,1.5543696488917242,1.5390565430642906
2023-05-03,1.5558299321285993,1.5477428212710607
2023-05-04,1.5440794610404904,1.5559329373513613
2023-05-05,1.5394296843504502,1.5390575091348624
2023-05-08,1.5570504682561543,1.554427444908461
2023-05-09,1.5580336937939165,1.5603002204899197
2023-05-10,1.56340209872833,1.5568212002645718
2023-05-11,1.557960395170974,1.5453552577040268
2023-05-12,1.566902671378081,1.5489751326410484
2023-05-15,1.5678466870948558,1.5477675543681984
2023-05-16,1.5641394230404557,1.5319118812274228
2023-05-17,1.5542361688869515,1.526956273978852
2023-05-18,1.5597300248601438,1.5160815515498132
2023-05-19,1.5613876302482848,1.5274648049241282
2023-05-22,1.5655538973123617,1.5233655323807973
2023-05-23,1.5585702907265782,1.5186140243260464
2023-05-24,1.5498517954658475,1.5129766786416146
2023-05-25,1.5504857020693414,1.5057618292882304
2023-05-26,1.549050444584879,1.501843185614687
2023-05-29,1.5612575629249663,1.5123700948428038
2023-05-30,1.563931841310267,1.5212949066560348
2023-05-31,1.56137777217972,1.5236546939395423
2023-06-01,1.5674761093878762,1.530559763419558
2023-06-02,1.584599582856638,1.5312183958074714
2023-06-05,1.59555176519633,1.54064368810396
2023-06-06,1.6064965845979107,1.5498794441590216
2023-06-07,1.6038961525936792,1.5324019555785455
2023-06-08,1.591304867329003,1.5394635573021045
2023-06-09,1.5967260781881802,1.5431909423947847
2023-06-12,1.6087148182021724,1.5433955612482162
2023-06-13,1.6121857620941082,1.548318286713389
2023-06-14,1.610431582655885,1.547804952164364
2023-06-15,1.606771493603351,1.5506566114098377
2023-06-16,1.603891586624955,1.5649081638422637
2023-06-19,1.5979080724175019,1.5507915213356864
2023-06-20,1.601797573145062,1.541559760213661
2023-06-21,1.6085623375832239,1.54161588255105
2023-06-22,1.6113396037955576,1.542345482355521
2023-06-23,1.6206434486540104,1.5371687216050762
2023-06-26,1.626109779897726,1.543022712535531
2023-06-27,1.628291446178936,1.5390905072323606
2023-06-28,1.6336395925329046,1.5389444559043597
2023-06-29,1.6178516494357478,1.5387616185928357
2023-06-30,1.6132070805146874,1.5312365523464857
2023-07-03,1.619902446441983,1.5414079739289324
2023-07-04,1.628240154598634,1.5408621456433964
2023-07-05,1.630152407036301,1.5503978720571212
2023-07-06,1.6250095841484078,1.5391996223262878
2023-07-07,1.6349524710071475,1.5692416488913763
2023-07-10,1.6502948659535208,1.5567235528126937
2023-07-11,1.6560563851837473,1.563134547572111
2023-07-12,1.6616499992942884,1.5745135714344813
2023-07-13,1.673640637264035,1.581596975046725
2023-07-14,1.6750392274874093,1.5818184913733366
2023-07-17,1.6765869282599766,1.5726130485796372
2023-07-18,1.6820140755190514,1.574967693881632
2023-07-19,1.6793941152250607,1.5894153888392306
2023-07-20,1.6779622960677494,1.579625839334606
2023-07-21,1.69304273316413,1.574756273763254
2023-07-24,1.6968456152288511,1.5711285554177725
2023-07-25,1.7026875972901607,1.59590661567091
2023-07-26,1.7099042154529016,1.6113982565106548
2023-07-27,1.702927075597451,1.5965610791376483
2023-07-28,1.7150375366770423,1.6052215010556317
2023-07-31,1.7368170802323573,1.5984750069707974
2023-08-01,1.727162867928769,1.5846465360069866
2023-08-02,1.72658907648961,1.5862241430578954
2023-08-03,1.7154245567257207,1.579190129054089
2023-08-04,1.7289004746254004,1.5759427984271612
2023-08-07,1.7522902380144703,1.5809500174773226
2023-08-08,1.7521294213469831,1.576109798207923
2023-08-09,1.7394648958789969,1.5682597922993968
2023-08-10,1.7213790951807744,1.5552090301875592
2023-08-11,1.7328269882663396,1.5699781753207198
2023-08-14,1.7323719852870325,1.557239110402583
2023-08-15,1.7290468669754795,1.5547049916817206
2023-08-16,1.7398434147743287,1.5593362258897616
2023-08-17,1.7291223670055722,1.5543670389879287
2023-08-18,1.658731247434562,1.5481009897199598
2023-08-21,1.6631310592655146,1.5509956027005751
2023-08-22,1.6659602561839888,1.5465517218256077
2023-08-23,1.6577634308760127,1.545709131525626
2023-08-24,1.678996968749287,1.5615862851045479
2023-08-25,1.6703468034657254,1.5552268641711156
2023-08-28,1.6965160453378862,1.5730751294737846
2023-08-29,1.7026385539200155,1.5923582896176367
2023-08-30,1.7155058819092748,1.6102135311878532
2023-08-31,1.7245164664997048,1.6048719438690113
2023-09-01,1.724347597656118,1.6037256544136034
2023-09-04,1.724347597656118,1.6037256544136034
2023-09-05,1.7345888751739407,1.602803705423841
2023-09-06,1.7466657829291596,1.6038002343036803
2023-09-07,1.7431706420310713,1.5977084215469717
2023-09-08,1.7391605111864663,1.597688710866717
2023-09-11,1.7219161480562144,1.59398168229956
2023-09-12,1.7474714091508945,1.5996989461301134
2023-09-13,1.7401592747812986,1.5934409459452563
2023-09-14,1.7272352291499582,1.588632334795694
2023-09-15,1.7331221438203397,1.6075784039299208
2023-09-18,1.7127934626771266,1.605793065541463
2023-09-19,1.7131497385375463,1.6100133733226174
2023-09-20,1.728617197441331,1.6169247163375897
2023-09-21,1.71156550127871,1.5854508231010738
2023-09-22,1.686009675081334,1.5850217493845875
2023-09-25,1.6391081277166735,1.5616746219554376
2023-09-26,1.623747617343394,1.549246540408724
2023-09-27,1.635928733457825,1.552577551156709
2023-09-28,1.6281608673535577,1.544116789124674
2023-09-29,1.6299629886319584,1.5302476753773857
2023-10-02,1.631016755357617,1.5202678922227855
2023-10-03,1.5850521987118076,1.5062701177027593
2023-10-04,1.5940891672513982,1.5135815335620713
2023-10-05,1.5757205606416154,1.5051034957382767
2023-10-06,1.5935672784450996,1.522234134974692
2023-10-09,1.6018937793697732,1.5416808224293466
2023-10-10,1.6122551190554257,1.551402712024474
2023-10-11,1.6192132143320084,1.5666316253312544
2023-10-12,1.620890428198225,1.56118844334078
2023-10-13,1.6250275529396465,1.584777470279048
2023-10-16,1.6095002075030873,1.5777229248476188
2023-10-17,1.592002749366466,1.5586907261165426
2023-10-18,1.5715052563097665,1.5727093826718468
2023-10-19,1.5534810636755465,1.560149196558528
2023-10-20,1.5777993666914318,1.5796859527863518
2023-10-23,1.5551939736963611,1.5610172135491456
2023-10-24,1.5726807223161328,1.5746880132526377
2023-10-25,1.5657289590271521,1.5668641153465999
2023-10-26,1.5012834539956952,1.5261080642626708
2023-10-27,1.5027647105181752,1.535715958240434
2023-10-30,1.4816674730266137,1.5116231599669545
2023-10-31,1.462842226373018,1.4897874278072554
2023-11-01,1.4750142693180925,1.5140542069830845
2023-11-02,1.5226037397463466,1.553913623497818
2023-11-03,1.518712483697545,1.5414893101069334
2023-11-06,1.5404692544086753,1.551715901714516
2023-11-07,1.5238309758377193,1.5342422496491999
2023-11-08,1.5629693513580387,1.5690560327767005
2023-11-09,1.5612055966872254,1.5711728375539031
2023-11-10,1.540647487758089,1.5499924932379434
2023-11-13,1.5353140136926584,1.5534106846593492
2023-11-14,1.5503717025428423,1.5720886173049
2023-11-15,1.5704429247371712,1.575191535099007
2023-11-16,1.5737409790304806,1.5865421614567552
2023-11-17,1.5423141605388835,1.5563014882290405
2023-11-20,1.5406844471786327,1.5577055637886592
2023-11-21,1.5459019990322398,1.570931040957351
2023-11-22,1.5457870961218552,1.5771686746710372
2023-11-23,1.5153731140674713,1.5446051242596042
2023-11-24,1.5223892319657841,1.5564660213212296
2023-11-27,1.5124938569771311,1.54916315091614
2023-11-28,1.5249731376858666,1.5548738560265079
2023-11-29,1.533532278189721,1.560447315067381
2023-11-30,1.5191399783361106,1.5598192958721573
2023-12-01,1.5311845074207664,1.5728220696252004
2023-12-04,1.5490076681230545,1.5850525792864498
2023-12-05,1.5470028657048849,1.5928865424826666
2023-12-06,1.5604854395997059,1.6005228839920214
2023-12-07,1.5575101084006382,1.595604004935647
2023-12-08,1.5625406315615786,1.5914155474925844
2023-12-11,1.5640827026342308,1.5942162295992723
2023-12-12,1.5658766954940928,1.6110961227460052
2023-12-13,1.5474634681707387,1.5983813734173673
2023-12-14,1.545547284640516,1.6155729039256073
2023-12-15,1.535491608624024,1.6134431685114032
2023-12-18,1.518401147927954,1.5851421246740165
2023-12-19,1.52650474837184,1.6051115454797538
2023-12-20,1.532396135657286,1.6025220878168145
2023-12-21,1.5331227006554506,1.6055417434450845
2023-12-22,1.5336121854420777,1.6086969162839786
2023-12-25,1.5502772750362908,1.6245535534052384
2023-12-26,1.552948318931685,1.6340529353313584
2023-12-27,1.5560360183006157,1.6402783850564797
2023-12-28,1.567104115987893,1.637588290030995
2023-12-29,1.570259025489552,1.6463448926137105
2024-01-01,1.570259025489552,1.6463448926137105
2024-01-02,1.5735346450705314,1.6379437029573385
2024-01-03,1.5855944639016861,1.6380797690860542
2024-01-04,1.5997452911802497,1.6559135502790148
2024-01-05,1.605623690858648,1.659577130107784
2024-01-08,1.6094627263169279,1.6562962419263052
2024-01-09,1.6039025322494247,1.649604770356867
2024-01-10,1.6103789499015213,1.6354684510231638
2024-01-11,1.6155883851393589,1.6390474744905117
2024-01-12,1.6120712727158102,1.646860119427586
2024-01-15,1.6104023660095148,1.6539623364699203
2024-01-16,1.6171647289032345,1.6526066573231162
2024-01-17,1.613661162060491,1.6444531446529187
2024-01-18,1.621046890929689,1.644160776631606
2024-01-19,1.6409863644321285,1.6560835007998223
2024-01-22,1.64259535183693,1.663559203007275
2024-01-23,1.6368521394263151,1.6525673374690104
2024-01-24,1.631594828901782,1.6520250255108653
2024-01-25,1.626406000917435,1.650437140448076
2024-01-26,1.6305535804993347,1.6637338723205746
2024-01-29,1.6316412306192607,1.6686522667905686
2024-01-30,1.6373503678981918,1.6809047524182634
2024-01-31,1.6163044133993414,1.680997355651447
2024-02-01,1.625823522344442,1.7101131594978514
2024-02-02,1.6220196619302776,1.7389490735555886
2024-02-05,1.6443289431052137,1.7561260187295356
2024-02-06,1.649007720954202,1.7729562397129435
2024-02-07,1.6631952679002837,1.7958008346596874
2024-02-08,1.6632321182766023,1.7959315396329507
2024-02-09,1.662796007211041,1.7943851170534353
2024-02-12,1.662545279681355,1.7934964723542857
2024-02-13,1.6612926260232397,1.7890613210294057
2024-02-14,1.6611612129027458,1.788639660650641
2024-02-15,1.6694460637286297,1.799401704164246
2024-02-16,1.6814648103826455,1.796239577488025
2024-02-19,1.702825082753001,1.79610556522347
2024-02-20,1.7056871889587002,1.8010038753357225
2024-02-21,1.7108473774254493,1.8075340718109123
2024-02-22,1.706908522774877,1.7854500497901078
2024-02-23,1.6869611776758586,1.7755574719107523
2024-02-26,1.6955858892885318,1.8005568262932734
2024-02-27,1.711296684839113,1.805515004385684
2024-02-28,1.7371159064840123,1.8228040167866177
2024-02-29,1.7339259941603689,1.8253757160651725
2024-03-01,1.739586057534059,1.8381684021606874
2024-03-04,1.7442942155884666,1.8493257286109348
2024-03-05,1.756490943362868,1.8604024367486562
2024-03-06,1.7506226111335665,1.8543224339818756
2024-03-07,1.7603219171582378,1.8552264171651096
2024-03-08,1.7313016410021702,1.8348073101367757
2024-03-11,1.7098576224486677,1.826268448991184
2024-03-12,1.7172822548947553,1.8304597659698372
2024-03-13,1.7512867757947455,1.8736433553837686
2024-03-14,1.7386473651850385,1.8661734035725503
2024-03-15,1.738377730276081,1.8677903804903124
2024-03-18,1.708660098556691,1.8283032668673282
2024-03-19,1.7069823854852726,1.8219385539201902
2024-03-20,1.7342579061392513,1.85226520055119
2024-03-21,1.7607623367277596,1.8965856327174342
2024-03-22,1.7636903804916488,1.8846828034886454
2024-03-25,1.7466833799045027,1.8714803449359516
2024-03-26,1.7645371917533101,1.8979709183796685
2024-03-27,1.7663554926158653,1.9014848635918824
2024-03-28,1.776955168259349,1.9222389554678727
2024-03-29,1.7698878171299504,1.9151250323588864
2024-04-01,1.7643202085345613,1.9149108273113118
2024-04-02,1.7691924333448719,1.9242421516113646
2024-04-03,1.750306670479289,1.9049060812299634
2024-04-04,1.7418832086896343,1.8909693077795737
2024-04-05,1.7284350924442193,1.8868404808199086
2024-04-08,1.7246344813779444,1.8922618194555896
2024-04-09,1.7389922798934128,1.904702389511798
2024-04-10,1.7319187499760091,1.903010856648739
2024-04-11,1.731481250963169,1.915844763930949
2024-04-12,1.756301023593111,1.929500192981026
2024-04-15,1.6876563741510713,1.8901422436518296
2024-04-16,1.689310798886213,1.9136670560176268
2024-04-17,1.6618304167388813,1.889083911624883
2024-04-18,1.6629406263660444,1.895994587797758
2024-04-19,1.6382088052921933,1.8700464375564514
2024-04-22,1.6543708139334974,1.8608512125823222
2024-04-23,1.6387152261491311,1.8621974189002835
2024-04-24,1.6718761512810416,1.909230983312474
2024-04-25,1.6716786324561477,1.9257866976820857
2024-04-26,1.6817527297584909,1.9474093752239616
2024-04-29,1.6822096686080537,1.9503041825741325
2024-04-30,1.6793661456206943,1.9323468398999453
2024-05-01,1.679817831427287,1.935190252860434
2024-05-02,1.6947078511066258,1.9556720507369685
2024-05-03,1.7038781592495036,1.9640834455767904
2024-05-06,1.7246734593665105,1.9831618602528847
2024-05-07,1.7339439197599527,1.9974500661116232
2024-05-08,1.7370038301715216,1.992319449029715
2024-05-09,1.734428056637601,1.9894366751759842
2024-05-10,1.7291399828761809,2.0046838882350984
2024-05-13,1.7190110372081184,1.9807141235266625
2024-05-14,1.7246343355154956,1.9926042618971516
2024-05-15,1.737884705416614,2.0305842304686283
2024-05-16,1.7597010765385441,2.0425125345596618
2024-05-17,1.7645860959488497,2.0502842423578125
2024-05-20,1.7757716358962345,2.0546515192950334
2024-05-21,1.775440329450071,2.0660283151835483
2024-05-22,1.7595315095658444,2.061762202398213
2024-05-23,1.7839961002071738,2.0394384980735163
2024-05-24,1.7607236631240464,2.000486242316495
2024-05-27,1.7695008863781925,2.0030124545850856
2024-05-28,1.7893738568508786,2.0400981806545495
2024-05-29,1.7682615307281468,2.0200625975082205
2024-05-30,1.7587722065334213,2.014513348682806
2024-05-31,1.7523573982917418,2.005399158678982
2024-06-03,1.7848179684882828,2.0348486101282464
2024-06-04,1.7890100928461037,2.039112511596035
2024-06-05,1.795787613187875,2.0538996039219444
2024-06-06,1.7975878703122659,2.058388551857716
2024-06-07,1.7984924238768212,2.0469909292928583
2024-06-10,1.8001801946562859,2.060259764792643
2024-06-11,1.7958657077298992,2.075493255691153
2024-06-12,1.8192196448662472,2.1336890286532677
2024-06-13,1.8203345132161757,2.1042765274044033
2024-06-14,1.7921154726389537,2.1237065687817274
2024-06-17,1.7823828356988245,2.0967777076146725
2024-06-18,1.7937593694463,2.0978882247161783
2024-06-19,1.794235203818187,2.1252476736790595
2024-06-20,1.8019125895987087,2.148938894692996
2024-06-21,1.7940214364759623,2.151995256003955
2024-06-24,1.7598259040390822,2.1203808427096926
2024-06-25,1.7605846310419555,2.101649963927925
2024-06-26,1.7647997618875475,2.109093309764184
2024-06-27,1.761424204674539,2.1291725498388536
2024-06-28,1.750901238654595,2.1126492015619767
2024-07-01,1.763486295699767,2.0981875789750477
2024-07-02,1.781904228665591,2.0983526971480955
2024-07-03,1.7950308967513198,2.1393548985344326
2024-07-04,1.7982349255285583,2.1769530623423177
2024-07-05,1.8009931265981878,2.210046782616062
2024-07-08,1.8017058343731391,2.201604727045121
2024-07-09,1.8202702271388376,2.1933272419201133
2024-07-10,1.8099154045486148,2.168071084521742
2024-07-11,1.809126045546863,2.1792176313323113
2024-07-12,1.8053192214102594,2.18415515126887
2024-07-15,1.8081227352511422,2.1805066452126822
2024-07-16,1.8165047708327053,2.206923484326927
2024-07-17,1.807782033390073,2.1916811041686275
2024-07-18,1.8178632909663484,2.155090923449699
2024-07-19,1.803438848401672,2.1174883777804423
2024-07-22,1.7987455318942198,2.1032463784237083
2024-07-23,1.7701966651999423,2.1180923735991035
2024-07-24,1.7765577638003325,2.1261271024442547
2024-07-25,1.7682191981885662,2.0955550060262578
2024-07-26,1.784720836633105,2.1284331706769177
2024-07-29,1.790696969962156,2.1373584456045425
2024-07-30,1.7897157167330455,2.1390176979876987
2024-07-31,1.8081322072931054,2.1600681607696917
2024-08-01,1.7739759630278393,2.1264411182916647
2024-08-02,1.7918572182098436,2.1114368506086185
2024-08-05,1.7227392944554967,2.0509170296450216
2024-08-06,1.754232236641728,2.063600801304993
2024-08-07,1.7600087026840845,2.075792499396974
2024-08-08,1.7544997841069168,2.089708129100778
2024-08-09,1.7756297115982362,2.1285781012706564
2024-08-12,1.7836590028648702,2.153426365162263
2024-08-13,1.78025316892772,2.163930895319817
2024-08-14,1.7849153818171695,2.1501667414881642
2024-08-15,1.7756989796613114,2.1542892534367404
2024-08-16,1.8127634958791354,2.2019044149560116
2024-08-19,1.8247657402716528,2.202516699634862
2024-08-20,1.8328023368209536,2.202477905626627
2024-08-21,1.8466803729153327,2.213931271691864
2024-08-22,1.847795396903692,2.2030972854630413
2024-08-23,1.8549763361340605,2.214234523670089
2024-08-26,1.848718898382811,2.211868751016015
2024-08-27,1.8480759915421883,2.2107434377096347
2024-08-28,1.8469106031115792,2.2048048858257197
2024-08-29,1.850604472162398,2.225312854324597
2024-08-30,1.8519390570562893,2.2240270199947596
2024-09-02,1.8519390570562893,2.2240270199947596
2024-09-03,1.8516975951356571,2.2218958208964237
2024-09-04,1.8342218889899644,2.2030715472123363
2024-09-05,1.8242469710744882,2.1974952711751623
2024-09-06,1.8293998002163518,2.184494754094327
2024-09-09,1.820181431087927,2.1735989734646473
2024-09-10,1.8018332166271986,2.1722463076331757
2024-09-11,1.7954792318919452,2.174094439411062
2024-09-12,1.7982395972756413,2.1884757306307123
2024-09-13,1.7966970462572631,2.209425249214595
2024-09-16,1.7785391521932785,2.1955938752924022
2024-09-17,1.8029147834687211,2.2046538121608283
2024-09-18,1.8111102095852383,2.21966582026502
2024-09-19,1.8227342576275285,2.2317049022851023
2024-09-20,1.829285558231513,2.2506252436558536
2024-09-23,1.82462410095698,2.2493272186182756
2024-09-24,1.840320024351125,2.262793526258845
2024-09-25,1.8564615654659387,2.2728329197456616
2024-09-26,1.8685638559814968,2.300585237254669
2024-09-27,1.8694032345260418,2.290733912811312
2024-09-30,1.8635564478439344,2.2841443778289547
2024-10-01,1.872541171093591,2.29552420911566
2024-10-02,1.8671442616619656,2.2763113726997353
2024-10-03,1.857718383181959,2.2811991112509085
2024-10-04,1.8452099194808818,2.271630301763527
2024-10-07,1.8402174505575328,2.2653210963698944
2024-10-08,1.8422408144305933,2.262215676672405
2024-10-09,1.8533692028257476,2.263057460025166
2024-10-10,1.8622711361769584,2.2991390726959704
2024-10-11,1.866498024435197,2.3057015360117807
2024-10-14,1.8642345409783996,2.2862622134205766
2024-10-15,1.8591062211339338,2.293519261302766
2024-10-16,1.8563463435646415,2.2984533052190272
2024-10-17,1.8644154479778912,2.3046865699214973
2024-10-18,1.867696329575713,2.3316499725761908
2024-10-21,1.8608917510066765,2.3255912093165105
2024-10-22,1.8477071992596172,2.3322614326424618
2024-10-23,1.8485324078868082,2.3277567182407743
2024-10-24,1.83056545023476,2.3328004730347
2024-10-25,1.8229237614625224,2.3323424930339827
2024-10-28,1.823704194345507,2.3325492170230544
2024-10-29,1.8348425146858314,2.3561847078315306
2024-10-30,1.8307819216442658,2.3645159727256395
2024-10-31,1.831816196137323,2.336803136749549
2024-11-01,1.8181781372953756,2.3238694951317056
2024-11-04,1.8056635985897251,2.3061417065199405
2024-11-05,1.8067233295461815,2.310621236183286
2024-11-06,1.8225139587047126,2.290156145670571
2024-11-07,1.819810220742448,2.3076887141684908
2024-11-08,1.809060084058589,2.2993149063638163
2024-11-11,1.797860776017603,2.2553369442711073
2024-11-12,1.7915959506249217,2.238848172599265
2024-11-13,1.7911153361088117,2.2385210236696196
2024-11-14,1.7722976360721723,2.219056974296244
2024-11-15,1.755130589074252,2.204775139697412
2024-11-18,1.7538824833487157,2.223706629641798
2024-11-19,1.7439375656666287,2.213612994590699
2024-11-20,1.7593274831682593,2.235789141814523
2024-11-21,1.7770336028374467,2.261068315634405
2024-11-22,1.7779665851523403,2.2871737567855064
2024-11-25,1.784911014437101,2.24205214982077
2024-11-26,1.7943842697257653,2.2517813992634776
2024-11-27,1.795840794311016,2.27392137845557
2024-11-28,1.7960453119243596,2.2763912068097403
2024-11-29,1.8096018051912182,2.300501797999995
2024-12-02,1.8079605257154365,2.2855551846830005
2024-12-03,1.8115205322895416,2.299310056893085
2024-12-04,1.7985186802152227,2.2923463366189427
2024-12-05,1.8378220709582642,2.319600117429239
2024-12-06,1.8394052534399925,2.3279154015307313
2024-12-09,1.8415139944257966,2.325079924885842
2024-12-10,1.842310221054705,2.3497078611065776
2024-12-11,1.8391175978933105,2.3692327487621077
2024-12-12,1.8353245932890234,2.3517964585254014
2024-12-13,1.8293084109196542,2.338555618945273
2024-12-16,1.829122573280814,2.3366610053810652
2024-12-17,1.8250867369289216,2.3223389083217754
2024-12-18,1.830133127238069,2.325763568234607
2024-12-19,1.80968752871965,2.2978915631866066
2024-12-20,1.8129810493324854,2.319553958406607
2024-12-23,1.8191691408307193,2.3182850768024053
2024-12-24,1.816507655466405,2.324992045949894
2024-12-25,1.8378939522960753,2.336196261755236
2024-12-26,1.8384852704428472,2.334699093845537
2024-12-27,1.840884581063366,2.3286956688989098
2024-12-30,1.8357382667239401,2.3248378967835923
2024-12-31,1.8284400951311353,2.3484703848357724
2025-01-02,1.832898365784864,2.353969315696529
2025-01-03,1.810916818830644,2.3185340205787344
2025-01-06,1.7986172513344374,2.3145328566860046
2025-01-07,1.8026784060208845,2.325286063995001
2025-01-08,1.807616482487871,2.3109773378465994
2025-01-09,1.8031670347830437,2.3162639704421326
2025-01-10,1.7868542259156508,2.3081869019608345
2025-01-13,1.791763009337694,2.3001015441142756
2025-01-14,1.7865637971890238,2.2823522831245158
2025-01-15,1.7987619287660566,2.3006574421580095
2025-01-16,1.8058989480075054,2.3214421059993344
2025-01-17,1.8140963523254945,2.34625776304139
2025-01-20,1.8185209526728872,2.35628261247154
2025-01-21,1.8144739271993375,2.353039358944679
2025-01-22,1.8044079488721319,2.349171195711174
2025-01-23,1.8245682433331205,2.3740461283835095
2025-01-24,1.832079672317734,2.375894533759197
2025-01-27,1.830195622716117,2.3602228608081535
2025-01-28,1.8315122738301284,2.371165648477297
2025-01-29,1.8316150796112918,2.3720218754660873
2025-01-30,1.8340017375593085,2.3919728915083946
2025-01-31,1.8335401552927222,2.3881033290220732
2025-02-03,1.815556231574584,2.3535009459543175
2025-02-04,1.831898837470828,2.3812272367648672
2025-02-05,1.8374737692099774,2.3912950184441013
2025-02-06,1.8368404053902534,2.3789413557151513
2025-02-07,1.8444730029281473,2.3916806196782594
2025-02-10,1.8372518479467301,2.3925895579837326
2025-02-11,1.843068801607972,2.417463438250342
2025-02-12,1.8427252186617087,2.4221293976235954
2025-02-13,1.8479164842701257,2.4211582523612236
2025-02-14,1.8515574105920234,2.405001014378431
2025-02-17,1.8447796475641354,2.395312280410398
2025-02-18,1.8578683644252996,2.4244124005308327
2025-02-19,1.872436667770072,2.426022579163336
2025-02-20,1.880599044917523,2.43252853050499
2025-02-21,1.8880916085220634,2.4248477122722565
2025-02-24,1.90400579311153,2.42438717273292
2025-02-25,1.8976037893442146,2.3910035450735325
2025-02-26,1.8961067147269133,2.4154623704132288
2025-02-27,1.8983104281084269,2.39828232043177
2025-02-28,1.8915783531473553,2.3669221832204492
2025-03-03,1.9028283844021527,2.3945745836474273
2025-03-04,1.9094270019787603,2.4103590678943103
2025-03-05,1.902392579874845,2.406882892147292
2025-03-06,1.9180088229908507,2.418786362603653
2025-03-07,1.9288190145512378,2.4068893704780203
2025-03-10,1.9379243894776,2.3982536473012193
2025-03-11,1.9389045806160963,2.40154311453012
2025-03-12,1.9390266914680212,2.4015538815534843
2025-03-13,1.9358736133345882,2.4132561646130806
2025-03-14,1.9410774576556455,2.3974726207319965
2025-03-17,1.9538350850227992,2.3943083637807048
2025-03-18,1.9517732734519937,2.414252048205327
2025-03-19,1.9416275175275053,2.391528151981374
2025-03-20,1.9405470597726604,2.400368823112009
2025-03-21,1.9364264793224972,2.3991288695813466
2025-03-24,1.9522106523819025,2.4049365398305365
2025-03-25,1.9571078671131303,2.405111952935537
2025-03-26,1.9503858536646896,2.3909093419954615
2025-03-27,1.9524489910509242,2.4217245230491535
2025-03-28,1.9422061177717775,2.4173338688131136
2025-03-31,1.9298361124995975,2.4234953955599106
2025-04-01,1.9461065033234177,2.421610746237669
2025-04-02,1.9452058583010585,2.431483817171711
2025-04-03,1.8202318947067588,2.3324182260428965
2025-04-04,1.7911226758065855,2.3069704285284782
2025-04-07,1.789623269613284,2.290450183892476
2025-04-08,1.682430610524425,2.22421633830403
2025-04-09,1.6372548365000326,2.2479978015800346
2025-04-10,1.7461623321473871,2.357901314668927
2025-04-11,1.8257725384738666,2.430908015791847
2025-04-14,1.8471470044433977,2.439912797843912
2025-04-15,1.8237875900676763,2.4421605288348864
2025-04-16,1.8073958461279502,2.473402034649232
2025-04-17,1.8160463707961882,2.483048776084754
2025-04-18,1.820958435931817,2.485397452565394
2025-04-21,1.811577836088303,2.4924251923616136
2025-04-22,1.8023181159588086,2.5152950706426287
2025-04-23,1.8180287986280415,2.470775630864196
2025-04-24,1.8373734000739808,2.514295534812606
2025-04-25,1.845287795080899,2.5099281918962664
2025-04-28,1.8450063083947654,2.528437726230011
2025-04-29,1.8397802124585576,2.5165836600729508
2025-04-30,1.839356168535683,2.51161046904483
2025-05-01,1.835447753820563,2.465283797817754
2025-05-02,1.836358162209108,2.476006761751769
2025-05-05,1.8564710367216042,2.5363723886092604
2025-05-06,1.8605901936336133,2.580391834960085
2025-05-07,1.867563658395184,2.587536668742015
2025-05-08,1.8927687549113652,2.5840304348713463
2025-05-09,1.8894240134832572,2.5935621455240963
2025-05-12,1.9125981962056633,2.5552548412259117
2025-05-13,1.923014060717718,2.5675043446389054
2025-05-14,1.9382347703676543,2.5343844246477203
2025-05-15,1.950910002703523,2.553758343454504
2025-05-16,1.9290591897441083,2.5275988417370474
2025-05-19,1.9261687276922173,2.5779056240754366
2025-05-20,1.9543079896382367,2.6497676855050343
2025-05-21,1.9664479579692982,2.7048463019862568
2025-05-22,1.9548055954509973,2.6860873362725344
2025-05-23,1.959692598240464,2.7346686354857983
2025-05-26,1.9791706549960222,2.7488291503188313
2025-05-27,1.9834106265579179,2.7108928675429826
2025-05-28,1.9891777804290502,2.7198980852771175
2025-05-29,1.9851829877030318,2.7395760521330788
2025-05-30,1.9706737717224652,2.7472034816359834
2025-06-02,1.9784629603277253,2.777410481349563
2025-06-03,1.9940825995641804,2.7728046597296214
2025-06-04,1.991571327724749,2.7815441813439765
2025-06-05,1.9877772620601901,2.771314961583995
2025-06-06,1.9736435917559016,2.745442640015368
2025-06-09,1.9516327168789926,2.657146902971384
2025-06-10,1.9582866285728668,2.6610391214988307
2025-06-11,1.9585218673787759,2.654028418951342
2025-06-12,1.9710453592596306,2.633039801558982
2025-06-13,1.9625856782193485,2.6310314882100174
2025-06-16,1.9933461972639088,2.6156324603221566
2025-06-17,2.001769875664727,2.6452445522904493
2025-06-18,2.0020749948680177,2.657414548908104
2025-06-19,2.0070255521094986,2.673950919355187
2025-06-20,2.0039208386550573,2.6334119875466313
2025-06-23,2.0145104843959833,2.717557219909348
2025-06-24,2.021697544602416,2.7397708858054552
2025-06-25,2.0223717040350575,2.74368016343865
2025-06-26,2.021529344444608,2.7322072689990105
2025-06-27,2.0273910808149824,2.7122949490551025
2025-06-30,2.031815421466851,2.7230858562003255
2025-07-01,2.032050325473034,2.7419428225753313
2025-07-02,2.0411937342337487,2.7473427280031633
2025-07-03,2.040505775476549,2.7264787055512136
2025-07-04,2.0499960907417,2.6993307581505492
2025-07-07,2.0799252619195694,2.715416269282856
2025-07-08,2.0978319829064436,2.7094307819251378
2025-07-09,2.124500050545604,2.733062724632539
2025-07-10,2.1456716188131595,2.814248722032634
2025-07-11,2.1581296232403098,2.9002982032699514
2025-07-14,2.1701810968352375,2.956073618528062
2025-07-15,2.1553068964704463,2.929377851746849
2025-07-16,2.17344808438515,3.002631441374805
2025-07-17,2.1881987913013723,3.0483519550232794
2025-07-18,2.197778272751939,3.040978902140218
2025-07-21,2.192333359643182,2.979458125083993
2025-07-22,2.2162506449985817,3.0551241330541763
2025-07-23,2.2206766042048276,3.0023080436722367
2025-07-24,2.2383049789611564,3.0056712134249763
2025-07-25,2.2471088878716423,2.968940671349542
2025-07-28,2.2816380010128383,2.978116740213333
2025-07-29,2.1889455387169487,2.909707833503284
2025-07-30,2.2152429515760916,2.921768431864608
2025-07-31,2.216833546133414,2.9301586595108247
2025-08-01,2.211354886197174,2.9417629497908284
2025-08-04,2.2643724128896014,3.0498591249119715
2025-08-05,2.288540440001449,3.107513466632215
2025-08-06,2.327763913559832,3.1450291004760773
2025-08-07,2.345343321669786,3.122291346814118
2025-08-08,2.349284705771084,3.136883012337399
2025-08-11,2.367105019271453,3.107477538952709
2025-08-12,2.377513249209777,3.099415807816774
2025-08-13,2.3848499099264635,3.1207463654281624
2025-08-14,2.436009965009432,3.1710063363104064
2025-08-15,2.4229492046961276,3.1785227538493515
2025-08-18,2.4277794445658616,3.1864040306578993
2025-08-19,2.4442417991870156,3.1712879841114776
2025-08-20,2.4523376991351142,3.240284670725767
2025-08-21,2.505855843769948,3.2715246933011226
2025-08-22,2.437779187650985,3.2180180860335965
2025-08-25,2.3812256914098877,3.20853934675264
2025-08-26,2.4640324486648337,3.3219314940450935
2025-08-27,2.4715076245023773,3.3041278055817287
2025-08-28,2.487403415536158,3.3341221639563234
2025-08-29,2.491687666923572,3.3572135700753956
2025-09-01,2.491687666923572,3.3572135700753956
2025-09-02,2.4968297630961933,3.3817121200556084
2025-09-03,2.497162968873668,3.3742780424504235
2025-09-04,2.521161985366469,3.361789061786517
2025-09-05,2.4828026939505916,3.33135947619201
2025-09-08,2.429199607603887,3.2872607506246143
2025-09-09,2.4400265958334093,3.3503037196784087
2025-09-10,2.445549049919946,3.3720517101773537
2025-09-11,2.463142930430097,3.4130899808826243
2025-09-12,2.473966424943642,3.4158327747007164
2025-09-15,2.496542067431118,3.4367195777923056
2025-09-16,2.4972762805910396,3.4341439213479217
2025-09-17,2.481883624379307,3.486543579888721
2025-09-18,2.4648494141642345,3.477710828678691
2025-09-19,2.4482423180849224,3.5403416623313584
2025-09-22,2.416064647778488,3.505179707125669
2025-09-23,2.4180945612025435,3.5097559823346653
2025-09-24,2.4485756638139318,3.526032155825865
2025-09-25,2.450317381179623,3.6110121252507885
2025-09-26,2.4390339102574115,3.6723515706589085
2025-09-29,2.4425683558954243,3.749508810657151
2025-09-30,2.443085515582842,3.781581810496161
2025-10-01,2.458785672710147,3.7526704638175676
2025-10-02,2.437430598500302,3.751686903707242
2025-10-03,2.4296246236353887,3.8004404521845894
2025-10-06,2.5054807109107204,3.885831671164762
2025-10-07,2.488325933297546,3.8902090254649986
2025-10-08,2.5125165765262394,3.9019373436287
2025-10-09,2.5279260328881703,3.9035054983673287
2025-10-10,2.5559286448304954,4.026544970847771
2025-10-13,2.5784685234392897,4.192645146153918
2025-10-14,2.5672329842621755,4.25324441792865
2025-10-15,2.560319567125509,4.260134980501942
2025-10-16,2.5746375349048525,4.326424665665708
2025-10-17,2.5254593803055805,4.213516992598317
2025-10-20,2.4066164156665875,4.134546784221876
2025-10-21,2.434940938452115,4.11524903042194
2025-10-22,2.449026231352692,4.0774984007549895
2025-10-23,2.45593910086797,4.207929558092056
2025-10-24,2.4452843872913066,4.227924033687094
2025-10-27,2.4058262371942996,4.131220971308793
2025-10-28,2.4417678208037707,4.1875358720014795
2025-10-29,2.454726515829436,4.132124731731607
2025-10-30,2.4409082992553683,4.062803517270816
2025-10-31,2.4173165056193384,3.9022025944478442
2025-11-03,2.3894553446813083,3.9348342998770542
2025-11-04,2.4287842476483648,3.9890732446473307
2025-11-05,2.4308925167913626,4.05133664800954
2025-11-06,2.411593908379363,4.05066827083603
2025-11-07,2.3634800404757765,3.9518601259636306
2025-11-10,2.3487523580873386,3.9802446840913097
2025-11-11,2.3725806989524827,4.019068969352364
2025-11-12,2.427137185834647,4.175818569381726
2025-11-13,2.4256620731026635,4.172156106930492
2025-11-14,2.423088038638606,4.139670427561352
2025-11-17,2.4426604257907414,4.203897991175092
2025-11-18,2.444835011585165,4.227956109760676
2025-11-19,2.432407616375012,4.238711553064548
2025-11-20,2.4343768976473252,4.313376292114909
2025-11-21,2.4311533789723048,4.336444741860492
2025-11-24,2.4385625382737897,4.434411257362027
2025-11-25,2.414058618009313,4.480365629022777
2025-11-26,2.439793418060878,4.519995245516449
2025-11-27,2.4436701555026934,4.551067864922858
2025-11-28,2.4429661271894605,4.693672495589174
2025-12-01,2.450034771105062,4.796690131933425
2025-12-02,2.465172068770058,4.824848183719449
2025-12-03,2.495053643031158,4.790621821374504
2025-12-04,2.5038469795534066,4.771154579900725
2025-12-05,2.4829168893612263,4.922899530524476
2025-12-08,2.4908957371961087,5.082864556706024
2025-12-09,2.467398839561937,5.213979495169207
2025-12-10,2.456631495749422,5.012482386302144
2025-12-11,2.442340179002394,4.994157187618931
2025-12-12,2.374934877648072,4.945455148733732
2025-12-15,2.388570775402427,4.923942222736349
2025-12-16,2.4372040268216852,4.9222851128067076
2025-12-17,2.4237205714311907,4.931480055880701
2025-12-18,2.4308686636100907,4.940983902657469
2025-12-19,2.4539709331655546,5.0560176058312845
2025-12-22,2.502416499439008,5.277330346183612
2025-12-23,2.514903109052193,5.501230377561935
2025-12-24,2.5251948478687423,5.520792946224149
2025-12-25,2.4941560148233126,5.286975810088848
2025-12-26,2.496721431416487,5.240346872778823
2025-12-29,2.514443405048479,5.242798310345251
2025-12-30,2.5285772675813547,5.326464667788796
2025-12-31,2.5246005750453144,5.42784972889324
2026-01-02,2.524618879384778,5.427980717639232
2026-01-05,2.5301743561387617,5.533440281934354
2026-01-06,2.579441188228783,5.5537715497821285
2026-01-07,2.64178298505926,5.657508345133702
2026-01-08,2.6477826444526467,5.617848786634758
2026-01-09,2.67335929735542,5.6174882781869835
2026-01-12,2.7156738684280413,5.452800676452537
2026-01-13,2.747909151758114,5.51864605763454
2026-01-14,2.774536438954033,5.386749996119879
2026-01-15,2.769811648370561,5.236639337323141
2026-01-16,2.7788113313706324,5.353391613229307
2026-01-19,2.7987653554452505,5.398185196565115
2026-01-20,2.8168483395562554,5.446157813579282
2026-01-21,2.808234486702692,5.462965218812277
2026-01-22,2.8093998580051265,5.497901796751253
2026-01-23,2.770950244856113,5.60479179477989
2026-01-26,2.749535626917853,5.5267089992944545
2026-01-27,2.7655517671689505,5.3766735576102915
2026-01-28,2.7534444558027693,5.261887799025001
2026-01-29,2.773982714421611,5.257989769870009
2026-01-30,2.762928589129003,5.018106984262857
2026-02-02,2.7544986955375674,4.787205725109916
2026-02-03,2.782314170815682,4.904395377995611
2026-02-04,2.7746166142994433,4.735240847836713
2026-02-05,2.7276190096726514,4.872291621352958
2026-02-06,2.688392380202102,4.910661851324414
2026-02-09,2.690620881942038,4.9666961549899655
2026-02-10,2.657832903314204,5.118735381685945
2026-02-11,2.7058914288193634,5.322779038210133
2026-02-12,2.7033944337112175,5.410295888750127
2026-02-13,2.713709654542206,5.469331918981445
2026-02-16,2.713709654542206,5.469331918981445
2026-02-17,2.707154390076322,5.41186088542908
2026-02-18,2.712120885381363,5.455359931967454
2026-02-19,2.711617073592176,5.4509350522418405
